"Category","Description","Nutrient Data Bank Number","Data.Alpha Carotene","Data.Ash","Data.Beta Carotene","Data.Beta Cryptoxanthin","Data.Carbohydrate","Data.Cholesterol","Data.Choline","Data.Fiber","Data.Kilocalories","Data.Lutein and Zeaxanthin","Data.Lycopene","Data.Manganese","Data.Niacin","Data.Pantothenic Acid","Data.Protein","Data.Refuse Percentage","Data.Retinol","Data.Riboflavin","Data.Selenium","Data.Sugar Total","Data.Thiamin","Data.Water","Data.Fat.Monosaturated Fat","Data.Fat.Polysaturated Fat","Data.Fat.Saturated Fat","Data.Fat.Total Lipid","Data.Household Weights.1st Household Weight","Data.Household Weights.1st Household Weight Description","Data.Household Weights.2nd Household Weight","Data.Household Weights.2nd Household Weight Description","Data.Major Minerals.Calcium","Data.Major Minerals.Copper","Data.Major Minerals.Iron","Data.Major Minerals.Magnesium","Data.Major Minerals.Phosphorus","Data.Major Minerals.Potassium","Data.Major Minerals.Sodium","Data.Major Minerals.Zinc","Data.Vitamins.Vitamin A - IU","Data.Vitamins.Vitamin A - RAE","Data.Vitamins.Vitamin B12","Data.Vitamins.Vitamin B6","Data.Vitamins.Vitamin C","Data.Vitamins.Vitamin E","Data.Vitamins.Vitamin K"
"BUTTER","BUTTER,WITH SALT","1001","0","2.11","158","0","0.06","215","19","0.0","717","0","0","0.0","0.042","0.11","0.85","0","671","0.034","1.0","0.059999999","0.005","15.87","21.021","3.043","51.368","81.11","227.0","1 cup","14","1 tbsp","24","0.0","0.02","2","24","24","576","0.09","2499","684","0.17","0.003","0.0","2.32","7.0"
"BUTTER","BUTTER,WHIPPED,WITH SALT","1002","0","2.11","158","0","0.06","219","19","0.0","717","0","0","0.004","0.042","0.11","0.85","0","671","0.034","1.0","0.059999999","0.005","15.87","23.426","3.012","50.489","81.11","151.0","1 cup","9","1 tbsp","24","0.016","0.16","2","23","26","827","0.05","2499","684","0.13","0.003","0.0","2.32","7.0"
"BUTTER OIL","BUTTER OIL,ANHYDROUS","1003","0","0.0","193","0","0.0","256","22","0.0","876","0","0","0.0","0.003","0.01","0.28","0","824","0.005","0.0","0.0","0.001","0.24","28.732","3.694","61.924","99.48","205.0","1 cup","13","1 tbsp","4","0.001","0.0","0","3","5","2","0.01","3069","840","0.01","0.001","0.0","2.8","8.6"
"CHEESE","CHEESE,BLUE","1004","0","5.11","74","0","2.34","75","15","0.0","353","0","0","0.009","1.016","1.729","21.4","0","192","0.382","14.5","0.5","0.029","42.41","7.778","0.8","18.669","28.74","28.35","1 oz","17","1 cubic inch","528","0.04","0.31","23","387","256","1395","2.66","763","198","1.22","0.166","0.0","0.25","2.4"
"CHEESE","CHEESE,BRICK","1005","0","3.18","76","0","2.79","94","15","0.0","371","0","0","0.012","0.118","0.288","23.24","0","286","0.351","14.5","0.50999999","0.014","41.11","8.598","0.784","18.764","29.68","132.0","1 cup, diced","113","1 cup, shredded","674","0.024","0.43","24","451","136","560","2.6","1080","292","1.26","0.065","0.0","0.26","2.5"
"CHEESE","CHEESE,BRIE","1006","0","2.7","9","0","0.45","100","15","0.0","334","0","0","0.034","0.38","0.69","20.75","0","173","0.52","14.5","0.449999988","0.07","48.42","8.013","0.826","17.41","27.68","240.0","1 cup, melted","144","1 cup, sliced","184","0.019","0.5","20","188","152","629","2.38","592","174","1.65","0.235","0.0","0.24","2.3"
"CHEESE","CHEESE,CAMEMBERT","1007","0","3.68","12","0","0.46","72","15","0.0","300","0","0","0.038","0.63","1.364","19.8","0","240","0.488","14.5","0.460000008","0.028","51.8","7.023","0.724","15.259","24.26","246.0","1 cup","28","1 oz","388","0.021","0.33","20","347","187","842","2.38","820","241","1.3","0.227","0.0","0.21","2.0"
"CHEESE","CHEESE,CARAWAY","1008","0","3.28","0","0","3.06","93","0","0.0","376","0","0","0.021","0.18","0.19","25.18","0","262","0.45","14.5","0.0","0.031","39.28","8.275","0.83","18.584","29.2","28.35","1 oz","0","","673","0.024","0.64","22","490","93","690","2.94","1054","271","0.27","0.074","0.0","0.0","0.0"
""CHEESE","CHEESE,PAST PROCESS,PIMENTO","1043","12","5.84","151","0","1.73","94","36","0.100000001","375","20","0","0.016","0.078","0.485","22.13","0","235","0.354","14.5","0.629999995","0.027","39.08","8.937","0.988","19.663","31.2","140.0","1 cup, diced","244","1 cup, melted","614","0.033","0.42","22","744","162","1428","2.98","1045","248","0.7","0.071","2.3","0.29","2.9"
"CHEESE","CHEESE,PAST PROCESS,SWISS,W/DI NA PO4","1044","0","5.85","63","0","2.1","85","36","0.0","334","0","0","0.014","0.038","0.26","24.73","0","192","0.276","15.9","1.230000019","0.014","42.31","7.046","0.622","16.045","25.01","140.0","1 cup, diced","113","1 cup, shredded","772","0.027","0.61","29","762","216","1370","3.61","746","198","1.23","0.036","0.0","0.34","2.2"
"CHEESE FD","CHEESE FD,COLD PK,AMERICAN","1045","0","4.44","0","0","8.32","64","0","0.0","331","0","0","0.01","0.074","0.977","19.66","0","148","0.446","16.2","0.0","0.03","43.12","7.165","0.719","15.355","24.46","28.35","1 oz","227","1 package,  (8 oz)","497","0.03","0.84","30","400","363","966","3.01","705","159","1.28","0.141","0.0","0.0","0.0"
"CHEESE FD","CHEESE FD,PAST PROCESS,AMERICAN,WO/DI NA PO4","1046","0","5.38","65","0","7.83","80","36","0.0","330","0","0","0.073","0.17","0.974","18.4","0","196","0.517","16.1","7.429999828","0.068","43.21","7.214","1.108","14.895","25.18","113.0","1 cup","28","1 oz","570","0.085","0.57","31","439","291","1265","3.19","761","201","1.26","0.073","0.0","0.22","3.4"
"CHEESE FD","CHEESE FD,PAST PROCESS,SWISS","1047","0","5.77","0","0","4.5","82","0","0.0","323","0","0","0.01","0.104","0.5","21.92","0","233","0.4","16.1","0.0","0.014","43.67","6.801","0.6","15.487","24.14","28.35","1 oz","227","1 package,  (8 oz)","723","0.03","0.6","28","526","284","1552","3.55","856","237","2.3","0.035","0.0","0.0","0.0"
"CHEESE SPRD","CHEESE SPRD,PAST PROCESS,AMERICAN,WO/DI NA PO4","1048","0","5.98","55","0","8.73","55","36","0.0","290","0","0","0.02","0.131","0.686","16.41","0","168","0.431","11.3","7.320000172","0.048","47.65","6.219","0.624","13.327","21.23","140.0","1 cup, diced","244","1 cup","562","0.033","0.33","29","712","242","1345","2.59","653","173","0.4","0.117","0.0","0.19","1.8"
"CREAM","CREAM,FLUID,HALF AND HALF","1049","0","0.67","22","0","4.3","37","19","0.0","130","0","0","0.001","0.078","0.289","2.96","0","95","0.149","1.8","0.159999996","0.035","80.57","3.321","0.427","7.158","11.5","242.0","1 cup","15","1 tbsp","105","0.01","0.07","10","95","130","41","0.51","354","97","0.33","0.039","0.9","0.33","1.3"
"CREAM","CREAM,FLUID,LT (COFFEE CRM OR TABLE CRM)","1050","0","0.58","37","0","3.66","66","17","0.0","195","0","0","0.001","0.057","0.276","2.7","0","178","0.148","0.6","0.140000001","0.032","73.75","5.577","0.717","12.02","19.31","240.0","1 cup","15","1 tbsp","96","0.008","0.04","9","80","122","40","0.27","656","181","0.22","0.032","0.8","0.55","1.7"
"CREAM","CREAM,FLUID,LT WHIPPING","1052","0","0.46","60","0","2.96","111","17","0.0","292","0","0","0.001","0.042","0.259","2.17","0","274","0.125","0.5","0.109999999","0.024","63.5","9.093","0.884","19.337","30.91","120.0","1 cup,  whipped","239","1 cup, fluid (yields 2 cups whipped)","69","0.007","0.03","7","61","97","34","0.25","1013","279","0.2","0.028","0.6","0.88","2.7"
"CREAM","CREAM,FLUID,HVY WHIPPING","1053","0","0.45","72","0","2.79","137","17","0.0","345","0","0","0.001","0.039","0.255","2.05","0","405","0.11","0.5","0.109999999","0.022","57.71","10.686","1.374","23.032","37.0","119.5","1 cup,  whipped","238","1 cup, fluid (yields 2 cups whipped)","65","0.006","0.03","7","62","75","38","0.23","1470","411","0.18","0.026","0.6","1.06","3.2"
"CREAM","CREAM,WHIPPED,CRM TOPPING,PRESSURIZED","1054","0","0.76","43","0","12.49","76","17","0.0","257","0","0","0.001","0.07","0.305","3.2","0","184","0.065","1.4","8.0","0.037","61.33","6.418","0.825","13.831","22.22","60.0","1 cup","3","1 tbsp","101","0.01","0.05","11","89","147","130","0.37","685","188","0.29","0.041","0.0","0.64","1.9"
"CREAM","CREAM,SOUR,RED FAT,CULTURED","1055","0","0.66","23","0","4.26","39","19","0.0","135","0","0","0.003","0.067","0.363","2.94","0","100","0.149","2.1","0.159999996","0.035","80.14","3.466","0.446","7.47","12.0","242.0","1 cup","15","1 tbsp","104","0.016","0.07","10","95","129","41","0.5","372","102","0.3","0.016","0.9","0.34","0.6"
"CREAM","CREAM,SOUR,CULTURED","1056","0","0.85","26","0","2.88","52","19","0.0","193","0","0","0.011","0.109","0.336","2.07","0","160","0.172","2.6","3.5","0.036","74.46","5.068","0.84","11.507","19.73","230.0","1 cup","12","1 tbsp","110","0.019","0.17","10","115","141","80","0.38","576","162","0.28","0.057","0.9","0.44","1.8"
"ALCOHOLIC BEV","ALCOHOLIC BEV,WINE,TABLE,WHITE,RIESLING","14132","0","0.17","0","0","3.74","0","0","0.0","80","0","0","0.0","0.0","0.0","0.07","0","0","0.0","0.0","0.0","0.0","86.56","0.0","0.0","0.0","0.0","29.58","1 fl oz","148","1 serving,  5 fl oz","0","0.0","0.0","0","0","0","0","0.0","0","0","0.0","0.0","0.0","0.0","0.0"
"ALCOHOLIC BEV","ALCOHOLIC BEV,WINE,TABLE,WHITE,SAUVIGNON BLANC","14134","0","0.18","0","0","2.05","0","0","0.0","81","0","0","0.0","0.0","0.0","0.07","0","0","0.0","0.0","0.0","0.0","87.16","0.0","0.0","0.0","0.0","29.35","1 fl oz","147","1 serving,  5 fl oz","0","0.0","0.0","0","0","0","0","0.0","0","0","0.0","0.0","0.0","0.0","0.0"
"ALCOHOLIC BEV","ALCOHOLIC BEV,WINE,TABLE,WHITE,LATE HARVEST","14135","0","0.27","0","0","13.39","0","0","0.0","112","0","0","0.0","0.0","0.0","0.07","0","0","0.0","0.0","0.0","0.0","77.76","0.0","0.0","0.0","0.0","30.77","1 fl oz","154","1 serving,  5 fl oz","0","0.0","0.0","0","0","0","0","0.0","0","0","0.0","0.0","0.0","0.0","0.0"
"CARBONATED BEV","CARBONATED BEV,GINGER ALE","14136","0","0.0","0","0","8.77","0","0","0.0","34","0","0","0.013","0.0","0.0","0.0","0","0","0.0","0.1","8.699999809","0.0","91.23","0.0","0.0","0.0","0.0","30.5","1 fl oz","488","1 can,  or bottle (16 fl oz)","3","0.018","0.18","1","0","1","7","0.05","0","0","0.0","0.0","0.0","0.0","0.0"
"TEA","TEA,RTD,NESTLE,COOL NESTEA ICE TEA LEMON FLAVOR","14137","0","0.12","0","0","9.09","0","0","0.0","36","0","0","0.131","0.0","0.0","0.0","0","0","0.0","0.0","9.090000153","0.0","91.18","0.0","0.0","0.0","0.0","30.63","1 fl oz","245","1 serving,  8 fl oz","3","0.008","0.0","1","36","19","21","0.06","0","0","0.0","0.0","0.0","0.0","0.0"
"ALCOHOLIC BEV","ALCOHOLIC BEV,WINE,TABLE,WHITE,PINOT BLANC","14138","0","0.24","0","0","1.94","0","0","0.0","81","0","0","0.0","0.0","0.0","0.07","0","0","0.0","0.0","0.0","0.0","87.14","0.0","0.0","0.0","0.0","29.31","1 fl oz","147","1 serving,  5 fl oz","0","0.0","0.0","0","0","0","0","0.0","0","0","0.0","0.0","0.0","0.0","0.0"
"ALCOHOLIC BEV","ALCOHOLIC BEV,WINE,TABLE,WHITE,MUSCAT","14140","0","0.21","0","0","5.23","0","0","0.0","82","0","0","0.0","0.0","0.0","0.07","0","0","0.0","0.0","0.0","0.0","85.69","0.0","0.0","0.0","0.0","29.96","1 fl oz","150","1 serving,  5 fl oz","0","0.0","0.0","0","0","0","0","0.0","0","0","0.0","0.0","0.0","0.0","0.0"
"CARBONATED BEV","CARBONATED BEV,GRAPE SODA","14142","0","0.1","0","0","11.2","0","0","0.0","43","0","0","0.013","0.0","0.0","0.0","0","0","0.0","0.0","0.0","0.0","88.8","0.0","0.0","0.0","0.0","31.0","1 fl oz","372","1 can,  or bottle (12 fl oz)","3","0.022","0.08","1","0","1","15","0.07","0","0","0.0","0.0","0.0","0.0","0.0"
"CARBONATED BEV","CARBONATED BEV,LO CAL,OTHER THAN COLA OR PEPPER,WO/ CAFFEINE","14143","0","0.1","0","0","0.0","0","0","0.0","0","0","0","0.017","0.0","0.0","0.1","0","0","0.0","0.0","0.0","0.0","99.8","0.0","0.0","0.0","0.0","29.6","1 fl oz","355","1 can,  (12 fl oz)","4","0.025","0.04","1","0","2","6","0.0","0","0","0.0","0.0","0.0","0.0","0.0"
"CARBONATED BEV","CARBONATED BEV,LEMON-LIME SODA,CONTAINS CAFFEINE","14144","0","0.0","0","0","10.42","0","0","0.0","41","0","0","0.0","0.015","0.0","0.09","0","0","0.0","0.0","10.18999958","0.0","89.49","0.0","0.0","0.0","0.0","30.8","1 fl oz","369","1 can, 12 fl oz","2","0.0","0.02","1","0","1","10","0.01","0","0","0.0","0.0","0.0","0.0","0.0"
"CARBONATED BEV","CARBONATED BEV,SPRITE,LEMON-LIME,WO/ CAFFEINE","14145","0","0.01","0","0","10.14","0","0","0.0","40","0","0","0.002","0.015","0.0","0.05","0","0","0.0","0.0","8.979999542","0.0","89.78","0.0","0.0","0.0","0.02","30.75","1 fl oz","369","1 can, 12 fl oz","2","0.001","0.11","1","0","1","9","0.04","0","0","0.0","0.0","0.0","0.0","0.0"
"CARBONATED BEV","CARBONATED BEV,LO CAL,COLA OR PEPPR-TYPE,W/ ASPRT,WO/ CAFFEN","14146","0","0.0","0","0","0.15","0","0","0.0","1","0","0","0.0","0.0","0.0","0.12","0","0","0.023","0.1","0.0","0.005","99.74","0.0","0.0","0.0","0.0","29.6","1 fl oz","473","1 bottle, 16 fl oz","3","0.002","0.02","0","10","7","4","0.01","0","0","0.0","0.0","0.0","0.0","0.0"
"CARBONATED BEV","CARBONATED BEV,COLA,WO/CAFFEINE","14147","0","0.06","0","0","10.58","0","0","0.0","41","0","0","0.0","0.0","0.0","0.0","0","0","0.0","0.1","10.57999992","0.0","89.62","0.0","0.0","0.0","0.0","30.69","1 fl oz","368","1 can, 12 fl oz","2","0.0","0.02","0","11","3","4","0.01","0","0","0.0","0.0","0.0","0.0","0.0"
"CARBONATED BEV","CARBONATED BEV,COLA,W/HIGHER CAFFEINE","14148","0","0.06","0","0","10.58","0","0","0.0","41","0","0","0.0","0.0","0.0","0.0","0","0","0.0","0.1","10.57999992","0.0","89.62","0.0","0.0","0.0","0.0","30.69","1 fl oz","368","1 can, 12 fl oz","2","0.0","0.02","0","11","3","4","0.01","0","0","0.0","0.0","0.0","0.0","0.0"
"CARBONATED BEV","CARBONATED BEV,RED SUGAR,COLA,CONTAINS CAFFEINE & SWEETENERS","14149","0","0.06","0","0","5.16","0","0","0.0","20","0","0","0.0","0.0","0.0","0.0","0","0","0.0","0.1","5.159999847","0.0","94.78","0.0","0.0","0.0","0.0","29.6","1 fl oz","355","1 can,  (8 fl oz)","2","0.0","0.02","0","11","3","4","0.01","0","0","0.0","0.0","0.0","0.0","0.0"
"CARBONATED BEV","CARBONATED BEV,ORANGE","14150","0","0.1","0","0","12.3","0","1","0.0","48","0","0","0.013","0.0","0.0","0.0","0","0","0.0","0.0","0.0","0.0","87.6","0.0","0.0","0.0","0.0","31.0","1 fl oz","496","1 can,  or bottle (16 fl oz)","5","0.015","0.06","1","1","2","12","0.1","0","0","0.0","0.0","0.0","0.0","0.0"
"CARB BEV","CARB BEV,LO CAL,OTHR THN COLA OR PEPPER,W/ ASPRT,CONTNS CAFF","14151","0","0.1","0","0","0.0","0","0","0.0","0","0","0","0.017","0.0","0.0","0.1","0","0","0.0","0.0","0.0","0.0","99.8","0.0","0.0","0.0","0.0","29.6","1 fl oz","355","1 can,  (12 fl oz)","4","0.025","0.04","1","0","2","6","0.0","0","0","0.0","0.0","0.0","0.0","0.0"
"ALCOHOLIC BEV","ALCOHOLIC BEV,WINE,TABLE,RED,BURGUNDY","14152","0","0.34","0","0","3.69","0","0","0.0","86","0","0","0.0","0.0","0.0","0.07","0","0","0.0","0.0","0.0","0.0","85.62","0.0","0.0","0.0","0.0","29.53","1 fl oz","148","1 serving,  5 fl oz","0","0.0","0.0","0","0","0","0","0.0","0","0","0.0","0.0","0.0","0.0","0.0"
"CARBONATED BEV","CARBONATED BEV,PEPPER-TYPE,CONTAINS CAFFEINE","14153","0","0.0","0","0","10.4","0","0","0.0","41","0","0","0.035","0.0","0.0","0.0","0","0","0.0","0.1","0.0","0.0","89.4","0.0","0.0","0.07","0.1","30.7","1 fl oz","491","1 can,  or bottle (16 fl oz)","3","0.006","0.04","0","11","1","10","0.04","0","0","0.0","0.0","0.0","0.0","0.0"
"ENGY DRK","ENGY DRK,RED BULL,W/ ADD CAFFEINE,NIACIN,PANTO,VIT B6 & B12","14154","0","0.28","0","0","10.94","0","0","0.0","45","0","0","0.003","8.5","1.4","0.25","0","0","0.575","0.2","10.06000042","0.025","88.45","0.0","0.0","0.0","0.08","255.25","1 serving,  8.3 fl oz can","0","","13","0.005","0.02","3","0","3","84","0.0","0","0","1.75","0.835","0.0","0.0","0.0"
"CARBONATED BEV","CARBONATED BEV,TONIC H2O","14155","0","0.1","0","0","8.8","0","0","0.0","34","0","0","0.001","0.0","0.0","0.0","0","0","0.0","0.0","8.800000191","0.0","91.1","0.0","0.0","0.0","0.0","30.5","1 fl oz","336","1 bottle,  (11 fl oz)","1","0.006","0.01","0","0","0","12","0.1","0","0","0.0","0.0","0.0","0.0","0.0"
"ENG DRK","ENG DRK,RED BULL,SGR FR,W/ADD CAFF,NIACIN,PANTO,VIT B6 & B12","14156","0","0.62","0","0","0.7","0","0","0.0","5","0","0","0.003","8.5","1.4","0.25","0","0","0.575","0.0","0.0","0.025","98.35","0.0","0.0","0.0","0.08","250.0","1 serving,  8.3 fl oz can","0","","13","0.005","0.02","3","0","3","84","0.0","0","0","1.75","0.835","0.0","0.0","0.0"
"CARBONATED BEV","CARBONATED BEV,ROOT BEER","14157","0","0.1","0","0","10.6","0","0","0.0","41","0","0","0.013","0.0","0.0","0.0","0","0","0.0","0.1","10.60000038","0.0","89.3","0.0","0.0","0.0","0.0","30.8","1 fl oz","493","1 can,  or bottle (16 fl oz)","5","0.007","0.05","1","0","1","13","0.07","0","0","0.0","0.0","0.0","0.0","0.0"
"ALCOHOLIC BEV","ALCOHOLIC BEV,WINE,TABLE,RED,GAMAY","14158","0","0.21","0","0","2.38","0","0","0.0","78","0","0","0.0","0.0","0.0","0.07","0","0","0.0","0.0","0.0","0.0","87.49","0.0","0.0","0.0","0.0","29.39","1 fl oz","147","1 serving,  5 fl oz","0","0.0","0.0","0","0","0","0","0.0","0","0","0.0","0.0","0.0","0.0","0.0"
"ALCOHOLIC BEV","ALCOHOLIC BEV,WINE,TABLE,RED,MOUVEDRE","14159","0","0.29","0","0","2.64","0","0","0.0","88","0","0","0.0","0.0","0.0","0.07","0","0","0.0","0.0","0.0","0.0","85.81","0.0","0.0","0.0","0.0","29.37","1 fl oz","147","1 serving,  5 fl oz","0","0.0","0.0","0","0","0","0","0.0","0","0","0.0","0.0","0.0","0.0","0.0"
"CARBONATED BEV","CARBONATED BEV,LO CAL,COLA OR PEPR,W/ NA SACC,CONTAINS CAFFN","14166","0","0.1","0","0","0.1","0","0","0.0","0","0","0","0.009","0.0","0.0","0.0","0","0","0.0","0.1","0.0","0.0","99.8","0.0","0.0","0.0","0.0","29.6","1 fl oz","474","1 bottle,  (16 fl oz)","4","0.013","0.02","1","11","4","16","0.03","0","0","0.0","0.0","0.0","0.0","0.0"
"CAROB-FLAVOR BEV MIX","CAROB-FLAVOR BEV MIX,PDR","14168","0","1.9","0","0","93.3","0","0","8.0","372","0","0","0.063","0.76","0.006","1.8","0","0","0.001","1.5","0.0","0.009","2.9","0.06","0.068","0.03","0.2","12.0","1 tbsp","0","","32","0.06","4.6","5","7","104","103","0.08","0","0","0.0","0.124","0.0","0.0","0.0"
"CAROB-FLAVOR BEV MIX","CAROB-FLAVOR BEV MIX,PDR,PREP W/ WHL MILK","14169","0","0.75","0","0","8.68","10","0","0.400000006","75","0","0","0.006","0.138","0.346","3.16","0","27","0.174","3.6","0.0","0.042","84.32","0.777","0.189","1.779","3.11","256.0","1 cup,  (8 fl oz)","0","","98","0.025","0.25","10","80","131","46","0.37","97","27","0.42","0.04","0.0","0.0","0.0"
"CHOCOLATE-FLAVOR BEV MIX FOR MILK","CHOCOLATE-FLAVOR BEV MIX FOR MILK,PDR,WO/ ADDED NUTR","14175","0","1.8","0","0","90.9","0","16","4.800000191","405","6","0","0.707","0.511","0.041","3.3","0","0","0.146","2.6","83.87999725","0.032","0.9","1.009","0.091","1.834","3.1","21.6","1 portion,  (2-3 heaping tsp)","0","","37","0.705","3.14","98","128","591","210","1.55","0","0","0.0","0.01","0.7","0.37","8.1"
"CHOCOLATE-FLAVOR BEV MIX","CHOCOLATE-FLAVOR BEV MIX,PDR,PREP W/ WHL MILK","14177","0","0.78","5","0","11.91","9","0","0.400000006","85","0","0","0.064","0.142","0.336","3.23","0","26","0.18","3.6","12.10000038","0.043","80.79","0.829","0.186","1.86","3.24","266.0","1 cup,  (8 fl oz)","0","","95","0.082","0.3","18","88","172","58","0.48","94","26","0.4","0.034","0.1","0.06","0.3"
"No Category","CHOCOLATE SYRUP","14181","0","0.67","0","0","65.1","0","1","2.599999905","279","3","0","0.382","0.322","0.013","2.1","0","0","0.05","1.4","49.65000153","0.009","31.0","0.286","0.026","0.519","1.13","38.5","1 serving, 2 tbsp","300","1 cup","14","0.512","2.11","65","129","224","72","0.73","0","0","0.0","0.006","0.2","0.02","0.5"
"CHOCOLATE SYRUP","CHOCOLATE SYRUP,PREP W/ WHL MILK","14182","0","0.69","4","0","12.78","9","0","0.300000012","90","0","0","0.055","0.137","0.315","3.07","0","24","0.165","3.4","11.31000042","0.039","80.51","0.74","0.172","1.681","2.96","282.0","1 cup,  (8 fl oz)","0","","89","0.09","0.32","18","90","145","47","0.43","88","25","0.38","0.032","0.0","0.05","0.2"
"CLAM&TOMATO JUC","CLAM&TOMATO JUC,CND","14187","0","0.85","89","0","10.95","0","0","0.400000006","48","20","2982","0.032","0.231","0.083","0.6","0","0","0.012","0.4","3.309999943","0.021","87.4","0.0","0.0","0.0","0.2","30.2","1 fl oz","166","1 can,  (5.5 oz)","8","0.029","0.15","5","11","89","362","0.08","149","7","0.03","0.061","5.0","0.11","0.0"
"COCOA MIX","COCOA MIX,PDR","14192","0","4.1","0","0","83.73","0","33","3.700000048","398","5","0","0.269","0.586","0.893","6.67","0","1","0.565","5.0","65.55000305","0.096","1.5","1.325","0.114","2.377","4.0","28.35","1 serving,  (3 heaping tsp or 1 envelope)","0","","133","0.286","1.19","83","315","712","504","1.46","4","1","0.35","0.114","0.2","0.19","0.9"
"COCOA MIX","COCOA MIX,PDR,PREP W/ H2O","14194","0","0.65","0","0","11.54","0","5","0.5","55","1","0","0.037","0.081","0.123","0.92","0","0","0.078","0.7","9.029999733","0.013","86.34","0.183","0.016","0.328","0.55","205.77","1 serving, 6 fl oz","34","1 fl oz","21","0.048","0.17","12","43","99","73","0.21","1","0","0.05","0.016","0.0","0.03","0.1"
"COCOA MIX","COCOA MIX,NESTLE,HOT COCOA MIX RICH CHOC W/ MARSHMALLOWS","14195","0","3.02","0","0","75.0","0","0","3.700000048","400","0","0","0.0","0.0","0.0","2.8","0","0","0.0","0.0","65.0","0.0","4.18","0.0","0.0","15.0","15.0","20.2","1 serving, 1 envelope","0","","80","0.0","1.8","0","0","0","800","0.0","10","0","0.0","0.0","0.0","0.0","0.0"
"COCOA MIX","COCOA MIX,NO SUGAR ADDED,PDR","14196","0","6.18","1","0","71.93","0","115","7.5","377","9","0","0.665","1.084","3.826","15.49","0","4","1.4","16.9","37.65000153","0.267","3.4","0.979","0.088","1.777","3.0","19.1","1 envelope Alba,  (.675 oz)","15","1 envelope  Swiss Miss,  (.53 oz)","576","0.73","4.96","208","893","2702","876","3.44","15","4","1.18","0.318","0.0","0.04","0.7"
"COCOA MIX","COCOA MIX,NESTLE,RICH CHOC HOT COCOA MIX","14197","0","3.27","0","0","75.0","0","0","4.0","400","0","0","0.0","0.0","0.0","3.0","0","0","0.0","0.0","60.0","0.0","3.73","0.0","0.0","10.0","15.0","20.2","1 serving, 1 envelope","0","","100","0.0","1.8","0","0","0","850","0.0","11","0","0.0","0.0","0.0","0.0","0.0"
"COFFEE","COFFEE,BREWED FROM GROUNDS,PREP W/ TAP H2O,DECAFFEINATED","14201","0","0.1","0","0","0.0","0","1","0.0","0","0","0","0.027","0.222","0.001","0.1","0","0","0.0","0.1","0.0","0.0","99.3","0.0","0.002","0.002","0.0","237.0","1 cup,  (8 fl oz)","30","1 fl oz","2","0.007","0.05","5","1","54","2","0.02","0","0","0.0","0.0","0.0","0.0","0.1"
"COFFEE","COFFEE,BREWED,ESPRESSO,REST-PREP,DECAFFEINATED","14202","0","0.23","0","0","0.0","0","1","0.0","0","0","0","0.05","5.207","0.028","0.1","0","0","0.177","0.0","0.0","0.001","97.8","0.0","0.092","0.092","0.18","29.6","1 fluid ounce","0","","2","0.05","0.13","80","7","115","14","0.05","0","0","0.0","0.002","0.2","0.0","0.1"
"COFFEE","COFFEE,INST,REG,PDR,HALF THE CAFFEINE","14203","0","8.8","0","0","70.6","0","102","0.0","350","0","0","1.712","28.173","0.097","14.42","0","0","0.074","12.6","0.0","0.008","3.1","0.041","0.196","0.197","0.5","1.0","1 tsp","2","1 packet","141","0.139","4.41","327","303","3535","37","0.35","0","0","0.0","0.029","0.0","0.0","1.9"
"COFFEE&COCOA (MOCHA) PDR","COFFEE&COCOA (MOCHA) PDR,W/WHTNR&LO CAL SWTNR,DECAFFEINATED","14204","0","3.29","2","0","71.4","0","17","4.800000191","257","6","0","0.807","4.655","0.063","9.0","0","0","0.109","4.0","34.97999954","0.021","3.1","0.954","0.349","11.376","13.21","6.4","1 tsp, dry","0","","60","0.56","3.06","122","451","1856","500","1.01","4","0","0.0","0.03","0.0","0.09","1.7"
"COFFEE","COFFEE,BREWED FROM GROUNDS,PREP W/ TAP H2O","14209","0","0.35","0","0","0.0","0","3","0.0","1","0","0","0.023","0.191","0.254","0.12","0","0","0.076","0.0","0.0","0.014","99.39","0.015","0.001","0.002","0.02","237.0","1 cup,  (8 fl oz)","30","1 fl oz","2","0.002","0.01","3","3","49","2","0.02","0","0","0.0","0.001","0.0","0.01","0.1"
"COFFEE","COFFEE,BREWED,ESPRESSO,REST-PREP","14210","0","0.23","0","0","0.0","0","3","0.0","2","0","0","0.05","5.207","0.028","0.12","0","0","0.177","0.0","0.0","0.001","97.8","0.0","0.092","0.092","0.18","29.6","1 fluid ounce","0","","2","0.05","0.13","80","7","115","14","0.05","0","0","0.0","0.002","0.2","0.01","0.1"
"COFFEE","COFFEE,INST,REG,PDR","14214","0","8.8","0","0","41.1","0","102","0.0","241","0","0","1.712","28.173","0.097","12.2","0","0","0.074","12.6","0.0","0.008","3.1","0.041","0.196","0.197","0.5","1.0","1 tsp","2","1 packet","141","0.139","4.41","327","303","3535","37","0.35","0","0","0.0","0.029","0.0","0.0","1.9"
"COFFEE","COFFEE,INST,REG,PREP W/H2O","14215","0","0.17","0","0","0.34","0","1","0.0","2","0","0","0.015","0.236","0.001","0.1","0","0","0.001","0.1","0.0","0.0","99.09","0.0","0.002","0.002","0.0","178.92","1 serving, 6 fl oz","30","1 fl oz","4","0.011","0.04","4","3","30","4","0.01","0","0","0.0","0.0","0.0","0.0","0.0"
"COFFEE","COFFEE,INST,DECAFFEINATED,PDR","14218","0","9.0","0","0","42.6","0","102","0.0","224","0","0","1.222","28.075","0.097","11.6","0","0","1.36","17.3","0.0","0.0","3.2","0.021","0.101","0.101","0.2","1.8","1 tsp,  rounded","0","","140","0.069","3.8","311","286","3501","23","0.11","0","0","0.0","0.0","0.0","0.0","1.9"
"COFFEE","COFFEE,INST,DECAFFEINATED,PDR,PREP W/H2O","14219","0","0.19","0","0","0.43","0","0","0.0","2","0","0","0.012","0.282","0.001","0.12","0","0","0.014","0.2","0.0","0.0","98.93","0.0","0.001","0.001","0.0","179.22","1 serving, 6 fl oz","30","1 fl oz","4","0.01","0.04","4","3","36","4","0.01","0","0","0.0","0.0","0.0","0.0","0.0"
"COFFEE","COFFEE,INST,W/CHICORY,PDR","14222","0","7.5","0","0","74.2","0","0","0.5","351","0","0","1.2","21.667","0.097","9.3","0","0","0.29","9.4","0.0","0.0","4.1","0.015","0.07","0.071","0.2","1.8","1 tsp,  rounded","0","","103","0.05","4.76","213","271","3395","277","0.37","0","0","0.0","0.029","0.0","0.0","0.0"
"COFFEE","COFFEE,INST,W/ CHICORY,PREP W/ H2O","14223","0","0.17","0","0","0.75","0","0","0.0","3","0","0","0.012","0.218","0.001","0.09","0","0","0.003","0.1","0.0","0.0","98.94","0.0","0.001","0.001","0.0","179.22","1 serving, 6 fl oz","30","1 fl oz","4","0.01","0.05","3","3","35","7","0.01","0","0","0.0","0.0","0.0","0.0","0.0"
"COFFEE","COFFEE,INST,W/SUGAR,MOCHA-FLAVOR,PDR","14224","0","3.1","2","0","74.04","0","31","1.899999976","460","4","0","0.445","2.263","0.052","5.29","0","0","0.028","6.2","58.20000076","0.031","1.7","8.934","1.053","4.934","15.87","13.0","1 serving, 2 tbsp","0","","271","0.435","0.0","68","251","1033","317","0.96","5","1","0.45","0.055","0.6","0.0","1.5"
"COFFEE","COFFEE,INST,W/SUGAR,CAPPUCCINO-FLAVOR PDR","14228","0","4.1","0","0","85.94","2","68","1.200000048","406","0","0","0.2","2.262","0.073","3.1","0","0","0.037","4.2","69.16000366","0.111","1.3","1.604","0.241","3.422","5.56","13.0","4 teaspoon,  (1 serving)","0","","133","0.11","0.48","43","183","831","180","0.25","1","0","0.38","0.036","0.5","0.36","1.3"
"COFFEE","COFFEE,INST,W/SUGAR,FRENCH-FLAVOR,PDR","14229","0","4.8","0","0","65.67","0","10","0.0","484","0","0","0.171","5.859","0.012","4.5","0","0","0.02","1.4","41.74000168","0.001","2.4","14.001","2.419","4.997","22.63","13.0","4 teaspoon,  (1 serving)","0","","36","0.022","0.36","26","354","1184","557","0.04","0","0","0.0","0.002","0.0","1.65","6.1"
"COFFEE SUB","COFFEE SUB,CRL GRAIN BEV,PDR","14236","0","5.06","5","0","78.42","0","13","23.29999924","360","194","0","1.1","17.664","1.41","6.01","0","0","0.095","64.1","4.630000114","0.413","7.99","0.356","1.225","0.603","2.52","3.0","1 tsp,  (1 serving)","0","","58","0.208","4.6","244","580","2443","83","0.51","8","0","0.0","0.747","0.0","0.98","1.6"
"COFFEE SUB","COFFEE SUB,CRL GRAIN BEV,PREP W/ H2O","14237","0","0.18","0","0","1.3","0","0","0.400000006","6","3","0","0.019","0.294","0.023","0.1","0","0","0.002","1.1","0.079999998","0.007","98.37","0.006","0.02","0.01","0.04","180.42","1 serving, 6 fl oz","30","1 fl oz","4","0.013","0.08","5","10","41","5","0.01","0","0","0.0","0.012","0.0","0.02","0.0"
"CRANBERRY-APPLE JUC DRK","CRANBERRY-APPLE JUC DRK,BTLD","14238","0","0.26","2","0","15.85","0","1","0.0","63","6","0","0.029","0.0","0.0","0.0","0","0","0.0","0.0","14.5","0.0","83.78","0.014","0.052","0.013","0.11","245.0","1 cup,  (8 fl oz)","31","1 fl oz","3","0.01","0.07","1","2","17","2","0.02","3","0","0.0","0.0","39.5","0.12","0.5"
"CRANBERRY-APRICOT JUC DRK","CRANBERRY-APRICOT JUC DRK,BTLD","14240","0","0.1","0","0","16.2","0","0","0.100000001","64","0","0","0.125","0.12","0.036","0.2","0","0","0.01","0.0","0.0","0.005","83.5","0.0","0.0","0.0","0.0","245.0","1 cup,  (8 fl oz)","31","1 fl oz","9","0.015","0.15","3","5","61","2","0.04","463","23","0.0","0.02","0.0","0.0","0.0"
"CRANBERRY-GRAPE JUC DRK","CRANBERRY-GRAPE JUC DRK,BTLD","14241","0","0.1","0","0","14.0","0","0","0.100000001","56","0","0","0.158","0.12","0.053","0.2","0","0","0.018","0.0","0.0","0.01","85.6","0.004","0.023","0.033","0.1","245.0","1 cup,  (8 fl oz)","31","1 fl oz","8","0.007","0.01","3","4","24","3","0.04","5","0","0.0","0.028","32.0","0.0","0.0"
"CRANBERRY JUC COCKTAIL","CRANBERRY JUC COCKTAIL,BTLD","14242","0","0.2","5","0","13.52","0","1","0.0","54","13","0","0.048","0.041","0.052","0.0","0","0","0.0","0.2","11.86999989","0.0","86.17","0.019","0.059","0.009","0.1","253.0","1 cup,  (8 fl oz)","32","1 fl oz","3","0.01","0.1","1","1","14","2","0.03","8","0","0.0","0.0","42.3","0.22","1.0"
"CRANBERRY JUC COCKTAIL","CRANBERRY JUC COCKTAIL,BTLD,LO CAL,W/CA,SACCHARIN&CORN SWTNR","14243","0","0.18","1","0","4.6","0","0","0.0","19","3","0","0.006","0.004","0.001","0.02","0","0","0.002","0.0","4.590000153","0.0","95.2","0.0","0.0","0.0","0.01","237.0","1 cup,  (8 fl oz)","30","1 fl oz","9","0.01","0.04","2","1","25","3","0.02","2","0","0.0","0.002","32.2","0.05","0.2"
"EGGNOG-FLAVOR MIX","EGGNOG-FLAVOR MIX,PDR,PREP W/ WHL MILK","14245","0","0.69","5","0","14.2","11","0","0.0","95","2","0","0.007","0.112","0.33","2.93","0","26","0.166","3.4","12.65999985","0.04","79.16","0.767","0.186","1.701","3.02","272.0","1 cup,  (8 fl oz)","0","","92","0.022","0.12","10","77","121","55","0.35","94","26","0.39","0.033","0.0","0.06","0.2"
"CITRUS FRUIT JUC DRK","CITRUS FRUIT JUC DRK,FRZ CONC","14262","6","1.1","27","97","40.2","0","2","0.200000003","162","93","0","0.255","0.263","0.214","1.2","0","0","0.034","0.4","28.62999916","0.051","57.4","0.007","0.015","0.007","0.1","35.2","1 fl oz","423","1 can,  (12 fl oz)","25","0.097","3.94","20","36","393","3","0.12","131","7","0.0","0.066","95.3","0.22","0.2"
"CITRUS FRUIT JUC DRK","CITRUS FRUIT JUC DRK,FRZ CONC,PREP W/H2O","14263","2","0.38","8","28","11.42","0","0","0.100000001","46","27","0","0.073","0.075","0.061","0.34","0","0","0.01","0.1","8.130000114","0.014","87.83","0.002","0.004","0.002","0.03","247.82","1 serving, 8 fl oz","31","1 fl oz","9","0.035","1.12","6","10","112","4","0.04","37","2","0.0","0.019","27.1","0.06","0.1"
"FRUIT PUNCH DRK","FRUIT PUNCH DRK,WO/ ADDED NUTR,CND","14264","0","0.05","0","0","11.97","0","0","0.0","48","0","0","0.084","0.021","0.014","0.0","0","0","0.023","0.2","11.28999996","0.022","87.97","0.0","0.0","0.0","0.0","0.0","","0","","8","0.01","0.09","3","3","25","10","0.01","0","0","0.0","0.011","0.4","0.02","0.0"
"FRUIT PUNCH DRK","FRUIT PUNCH DRK,W/ ADDED NUTR,CND","14267","0","0.05","14","4","11.97","0","0","0.200000003","47","2","1","0.084","0.021","0.014","0.0","0","0","0.023","0.2","11.28999996","0.005","87.97","0.002","0.003","0.0","0.0","248.0","1 cup,  (8 fl oz)","31","1 fl oz","8","0.01","0.09","3","3","31","38","0.01","28","2","0.0","0.011","29.6","0.01","0.0"
"FRUIT PUNCH DRK","FRUIT PUNCH DRK,FRZ CONC","14268","0","0.2","0","0","41.4","0","0","0.400000006","162","0","0","0.36","0.074","0.028","0.2","0","0","0.046","0.0","0.0","0.034","58.2","0.003","0.006","0.003","0.0","34.8","1 fl oz","418","1 can,  (12 fl oz)","8","0.09","0.3","6","2","44","8","0.07","39","2","0.0","0.021","155.6","0.0","0.0"
"FRUIT PUNCH DRK","FRUIT PUNCH DRK,FRZ CONC,PREP W/H2O","14269","0","0.13","0","0","11.66","0","0","0.100000001","46","0","0","0.102","0.021","0.008","0.06","0","0","0.013","0.0","0.0","0.01","88.15","0.001","0.002","0.001","0.0","247.02","1 serving, 8 fl oz","31","1 fl oz","4","0.032","0.09","2","1","13","5","0.02","11","1","0.0","0.006","43.8","0.0","0.0"
"GRAPE DRINK","GRAPE DRINK,CANNED","14277","0","0.06","0","0","15.75","0","0","0.0","61","4","0","0.027","0.01","0.003","0.0","0","0","0.004","0.1","13.06000042","0.001","84.2","0.0","0.0","0.0","0.0","250.0","1 cup,  (8 fl oz)","31","1 fl oz","52","0.013","0.07","1","0","12","16","0.12","0","0","0.0","0.002","31.4","0.0","0.0"
"GRAPE JUICE DRINK","GRAPE JUICE DRINK,CANNED","14282","0","0.12","3","0","14.55","0","0","0.100000001","57","19","0","0.2","0.142","0.023","0.0","0","0","0.354","0.1","14.10999966","0.225","85.3","0.0","0.0","0.0","0.0","250.0","1 cup,  (8 fl oz)","31","1 fl oz","7","0.022","0.13","6","6","33","9","0.03","4","0","0.0","0.035","26.5","0.0","0.2"
"LEMONADE","LEMONADE,POWDER","14287","0","0.49","1","8","94.44","0","0","0.0","389","4","0","0.0","0.13","0.06","0.0","0","0","0.025","0.6","94.44000244","0.015","0.3","0.0","0.0","0.0","0.0","18.0","1 serving","218","1 cup","242","0.032","0.5","1","126","120","0","0.14","9","1","0.0","0.026","33.3","0.14","0.0"
"LEMONADE","LEMONADE,PDR,PREP W/H2O","14288","0","0.14","0","1","9.72","0","0","0.0","37","0","0","0.0","0.013","0.006","0.0","0","0","0.003","0.1","9.720000267","0.002","89.65","0.0","0.0","0.0","0.0","264.2","1 serving, 1 cup 8 fl oz","33","1 fl oz","28","0.012","0.05","1","13","13","3","0.02","1","0","0.0","0.003","3.4","0.01","0.0"
"LEMONADE","LEMONADE,LO CAL,W/ASPRT,PDR","14289","0","10.6","0","0","83.7","0","0","0.100000001","332","0","0","0.11","0.0","0.0","3.6","0","0","0.037","0.6","0.0","0.007","1.8","0.01","0.09","0.039","0.3","1.95","1 serving","0","","3098","0.11","5.7","14","1554","11","10","0.16","0","0","0.0","0.0","394.0","0.0","0.0"
"LEMONADE","LEMONADE,LO CAL,W/ASPRT,PDR,PREP W/H2O","14290","0","0.19","0","0","0.68","0","0","0.0","3","0","0","0.001","0.0","0.0","0.03","0","0","0.0","0.0","0.0","0.0","99.1","0.0","0.001","0.0","0.0","238.51","1 serving, 1 cup 8 fl oz","30","1 fl oz","28","0.011","0.05","1","13","1","4","0.01","0","0","0.0","0.0","3.2","0.0","0.0"
"LEMONADE","LEMONADE,FRZ CONC,WHITE","14292","0","0.2","1","6","47.0","0","2","0.200000003","181","4","0","0.02","0.074","0.057","0.3","0","0","0.096","0.4","45.02999878","0.026","52.3","0.008","0.059","0.025","0.2","36.5","1 fl oz","438","1 can,  (12 fl oz)","7","0.06","0.72","5","9","67","4","0.08","7","0","0.0","0.025","17.7","0.04","0.0"
"LEMONADE","LEMONADE,FRZ CONC,WHITE,PREP W/H2O","14293","0","0.12","0","1","10.42","0","0","0.0","40","1","0","0.005","0.016","0.013","0.07","0","0","0.021","0.1","9.979999542","0.006","89.35","0.002","0.013","0.006","0.04","246.96","1 serving, 1 cup 8 fl oz","31","1 fl oz","4","0.021","0.16","2","2","15","4","0.02","1","0","0.0","0.006","3.9","0.01","0.0"
"LEMONADE-FLAVOR DRK","LEMONADE-FLAVOR DRK,PDR","14296","0","0.3","0","0","94.44","0","0","0.0","389","0","0","0.002","0.0","0.0","0.1","0","0","0.011","0.4","94.44000244","0.002","0.6","0.0","0.0","0.003","0.0","18.0","1 serving","0","","83","0.045","0.11","1","9","3","139","0.05","0","0","0.0","0.0","33.3","0.0","0.0"
"LEMONADE-FLAVOR DRK","LEMONADE-FLAVOR DRK,PDR,PREP W/H2O","14297","0","0.11","0","0","6.68","0","0","0.0","26","0","0","0.0","0.0","0.0","0.01","0","0","0.001","0.0","6.679999828","0.0","92.88","0.0","0.0","0.0","0.0","254.56","1 serving, 1 cup 8 fl oz","32","1 fl oz","9","0.012","0.01","1","1","1","13","0.01","0","0","0.0","0.0","2.4","0.0","0.0"
"LIMEADE","LIMEADE,FRZ CONC","14302","0","0.22","0","0","62.32","0","2","0.0","247","0","0","0.005","0.038","0.053","0.0","0","0","0.013","0.3","59.95999908","0.008","37.46","0.0","0.0","0.0","0.0","36.4","1 fl oz","437","1 can,  (12 fl oz)","0","0.039","0.0","5","3","43","0","0.04","0","0","0.0","0.017","14.1","0.0","0.0"
"LIMEADE","LIMEADE,FRZ CONC,PREP W/H2O","14303","0","0.13","0","0","13.79","0","0","0.0","52","0","0","0.001","0.009","0.012","0.0","0","0","0.003","0.1","13.27000046","0.002","86.08","0.0","0.0","0.0","0.0","246.83","1 serving, 1 cup 8 fl oz","31","1 fl oz","2","0.016","0.0","2","1","10","3","0.01","0","0","0.0","0.004","3.1","0.0","0.0"
"No Category","MALT BEVERAGE","14305","0","0.12","0","0","8.05","0","10","0.0","37","0","0","0.013","1.113","0.037","0.21","0","0","0.048","1.2","8.050000191","0.016","91.15","0.015","0.056","0.024","0.12","237.0","1 cup","30","1 fl oz","7","0.008","0.06","7","16","8","13","0.02","2","0","0.02","0.027","0.5","0.0","0.0"
"MALTED DRK MIX","MALTED DRK MIX,NAT,W/ ADDED NUTR,PDR","14309","0","2.57","4","0","83.59","0","32","1.899999976","372","0","0","0.324","42.327","0.955","9.41","0","3172","3.598","7.0","63.38000107","4.233","3.1","0.343","0.169","0.679","1.33","21.0","1 individual,  serving (4-5 heaping tsp or 1 envelope)","0","","376","0.687","12.7","63","376","591","259","0.73","10582","3172","0.48","4.233","127.0","0.06","0.9"
"MALTED DRK MIX","MALTED DRK MIX,NAT,W/ ADDED NUTR,PDR,PREP W/ WHL MILK","14310","0","0.97","5","0","10.67","11","0","0.0","86","0","0","0.037","3.993","0.353","3.67","0","280","0.455","4.2","8.369999886","0.277","81.49","0.802","0.213","1.83","3.21","265.0","1 cup,  (8 fl oz)","0","","123","0.044","1.36","15","107","200","72","0.41","942","281","0.4","0.325","10.4","0.0","0.4"
"MALTED DRK MIX","MALTED DRK MIX,NAT,PDR","14311","0","2.98","11","0","71.21","24","59","0.100000001","428","7","0","0.237","5.246","0.624","14.29","0","62","0.92","16.4","47.61999893","0.505","2.0","2.157","1.429","4.762","9.52","21.0","1 serving,  (3 heaping tsp or 1 envelope)","0","","298","0.2","0.7","93","358","758","405","0.99","224","63","0.8","0.41","2.9","0.36","5.4"
"MALTED DRK MIX","MALTED DRK MIX,NAT,PDR,PREP W/ WHL MILK","14312","0","0.89","6","0","10.23","12","0","0.100000001","88","0","0","0.021","0.519","0.402","3.86","0","32","0.242","5.2","9.56000042","0.081","81.4","0.903","0.276","2.039","3.62","265.0","1 cup,  (8 fl oz)","0","","117","0.037","0.09","17","106","183","79","0.43","117","33","0.46","0.066","0.2","0.0","0.5"
"MALTED DRK MIX","MALTED DRK MIX,CHOC,W/ ADDED NUTR,PDR","14315","0","4.6","0","0","84.6","0","6","4.699999809","389","11","0","0.627","50.937","0.683","4.9","0","3929","4.11","3.3","70.55999756","3.052","2.5","0.951","0.325","1.964","3.4","78.0","1 cup","21","1 serving,  (3 heaping tsp or 1 envelope)","1881","0.634","17.38","96","401","1193","594","1.07","13098","3929","0.03","4.366","150.1","0.03","0.7"
"MALTED DRK MIX","MALTED DRK MIX,CHOC,W/ ADDED NUTR,PDR,PREP W/ WHL MILK","14316","0","1.0","5","0","10.92","10","0","0.400000006","84","1","0","0.053","4.182","0.388","3.36","0","341","0.497","4.7","10.48999977","0.285","81.44","0.82","0.205","1.868","3.26","265.0","1 cup,  (8 fl oz)","0","","128","0.072","1.42","17","109","218","87","0.44","1144","341","0.43","0.383","12.0","0.06","0.3"
"MALTED DRK MIX","MALTED DRK MIX,CHOC,PDR","14317","0","1.9","5","0","86.94","1","27","4.800000191","411","2","0","0.0","2.003","0.316","5.1","0","32","0.2","6.9","66.66999817","0.173","1.3","1.167","0.669","2.381","4.76","21.0","1 serving,  (3 heaping tsp or 1 envelope)","0","","60","0.2","2.28","70","175","618","190","0.8","117","33","0.42","0.156","1.5","0.17","2.5"
"MALTED DRK MIX","MALTED DRK MIX,CHOC,PDR,PREP W/ WHL MILK","14318","0","0.79","5","0","11.2","10","0","0.5","85","1","0","0.08","0.259","0.354","3.37","0","26","0.184","5.4","6.679999828","0.054","81.34","0.827","0.208","1.883","3.29","265.0","1 cup,  (8 fl oz)","0","","98","0.037","0.21","15","91","172","60","0.41","95","26","0.42","0.046","0.1","0.06","0.3"
"ORANGE DRK","ORANGE DRK,CND,W/ ADDED VIT C","14323","0","0.11","1","7","12.34","0","0","0.0","49","9","0","0.011","0.011","0.018","0.0","0","0","0.0","0.0","11.02999973","0.0","87.47","0.002","0.003","0.002","0.07","248.0","1 cup,  (8 fl oz)","31","1 fl oz","5","0.0","0.04","2","1","18","3","0.02","8","1","0.0","0.0","57.3","0.02","0.0"
"ORANGE&APRICOT JUC DRK","ORANGE&APRICOT JUC DRK,CND","14327","2","0.2","79","60","12.7","0","0","0.100000001","51","47","0","0.009","0.2","0.068","0.3","0","0","0.01","0.1","12.06000042","0.02","86.7","0.031","0.022","0.01","0.1","250.0","1 cup,  (8 fl oz)","31","1 fl oz","5","0.032","0.1","5","8","80","2","0.04","183","9","0.0","0.037","20.0","0.11","0.1"
"PINEAPPLE&GRAPEFRUIT JUC DRK","PINEAPPLE&GRAPEFRUIT JUC DRK,CND","14334","0","0.2","1","0","11.6","0","0","0.100000001","47","1","0","0.413","0.267","0.053","0.2","0","0","0.016","0.1","11.52000046","0.03","87.9","0.01","0.028","0.006","0.1","250.0","1 cup,  (8 fl oz)","31","1 fl oz","7","0.045","0.31","6","6","61","14","0.06","2","0","0.0","0.042","46.0","0.01","0.1"
"PINEAPPLE&ORANGE JUC DRK","PINEAPPLE&ORANGE JUC DRK,CND","14341","0","0.1","4","15","11.8","0","0","0.100000001","50","12","0","0.361","0.207","0.057","1.3","0","0","0.019","0.1","11.59000015","0.03","86.9","0.0","0.0","0.0","0.0","250.0","1 cup,  (8 fl oz)","31","1 fl oz","5","0.041","0.27","6","4","46","3","0.06","19","1","0.0","0.047","22.5","0.03","0.1"
"SHAKE","SHAKE,FAST FOOD,CHOCOLATE","14346","0","0.9","5","0","20.5","13","26","1.899999976","127","1","0","0.039","0.161","0.39","3.4","0","25","0.245","1.7","18.60000038","0.058","71.5","1.075","0.14","2.313","3.7","23.52","1 fl oz","282","1 small,  12 fl oz","113","0.065","0.31","17","102","200","97","0.41","93","26","0.34","0.05","0.4","0.11","1.5"
"SHAKE","SHAKE,FAST FOOD,VANILLA","14347","0","0.86","0","0","19.59","23","27","0.899999976","148","0","0","0.035","0.213","0.562","3.37","0","91","0.66","3.2","13.63000011","0.026","69.65","1.785","0.316","3.962","6.52","166.0","1 cup,  (8 fl oz)","21","1 fl oz","115","0.103","0.46","13","98","166","81","0.57","304","91","0.22","0.06","0.0","0.25","0.4"
"STRAWBERRY-FLAVOR BEV MIX","STRAWBERRY-FLAVOR BEV MIX,PDR","14350","0","0.2","0","0","99.1","0","0","0.0","389","0","0","0.0","0.073","0.001","0.1","0","0","0.11","0.5","95.44999695","0.003","0.4","0.0","0.0","0.0","0.2","22.0","1 serving,  (2-3 heaping tsp)","0","","4","0.0","0.44","1","5","6","38","0.0","0","0","0.0","0.002","0.3","0.0","0.0"
"STRAWBERRY-FLAVOR BEV MIX","STRAWBERRY-FLAVOR BEV MIX,PDR,PREP W/ WHL MILK","14351","0","0.7","0","0","12.3","12","0","0.0","88","0","0","0.002","0.083","0.288","3.0","0","26","0.158","1.8","0.0","0.035","80.9","0.886","0.114","1.91","3.1","266.0","1 cup,  (8 fl oz)","0","","110","0.009","0.08","12","86","139","48","0.35","116","26","0.33","0.039","0.9","0.0","0.0"
"TEA","TEA,BREWED,PREP W/TAP H2O,DECAFFEINATED","14352","0","0.0","0","0","0.3","0","0","0.0","1","0","0","0.219","0.0","0.011","0.0","0","0","0.014","0.0","0.0","0.0","99.7","0.001","0.004","0.002","0.0","29.6","1 fl oz","178","6 fl oz","0","0.01","0.02","3","1","37","3","0.02","0","0","0.0","0.0","0.0","0.0","0.0"
"TEA","TEA,INST,UNSWTND,PDR,DECAFFEINATED","14353","0","16.04","0","0","58.66","0","118","8.5","315","0","0","133.0","10.8","4.53","20.21","0","0","0.985","5.3","5.53000021","0.0","5.09","0.0","0.0","0.0","0.0","0.7","1 serving,  2 tsp","0","","118","0.55","2.26","272","239","6040","72","1.69","0","0","0.0","0.356","0.0","0.0","0.0"
"TEA","TEA,BREWED,PREP W/TAP H2O","14355","0","0.0","0","0","0.3","0","0","0.0","1","0","0","0.219","0.0","0.011","0.0","0","0","0.014","0.0","0.0","0.0","99.7","0.001","0.004","0.002","0.0","237.0","1 cup,  (8 fl oz)","30","1 fl oz","0","0.01","0.02","3","1","37","3","0.02","0","0","0.0","0.0","0.0","0.0","0.0"
"TEA","TEA,INST,SWTND W/NA SACCHARIN,LEMON-FLAV,PDR,DECAFFEINATED","14356","0","7.2","0","0","85.4","0","40","0.0","338","0","0","30.37","3.88","1.54","3.3","0","0","0.335","1.8","1.879999995","0.0","3.5","0.0","0.0","0.0","0.6","1.6","2 tsp","0","","21","0.12","8.87","125","140","2568","412","0.89","0","0","0.0","0.121","0.0","0.0","0.0"
"TEA","TEA,INST,SWTND W/SUGAR,LEMN-FLAV,WO/ VIT C,PDR,DECAFFEINATED","14357","0","0.47","0","0","98.55","0","0","0.0","385","0","0","2.965","0.125","0.11","0.12","0","0","0.0","0.6","95.29000092","0.011","0.13","0.027","0.209","0.091","0.73","182.0","1 cup","23","1 serving,  (3 heaping tsp)","2","0.01","0.21","3","2","169","5","0.03","0","0","0.0","0.015","0.0","0.0","0.0"
"TEA","TEA,INST,UNSWTND,PDR","14366","0","16.04","0","0","58.66","0","118","8.5","315","0","0","133.0","10.8","4.53","20.21","0","0","0.985","5.3","5.53000021","0.0","5.09","0.0","0.0","0.0","0.0","0.7","1 serving,  1 tsp","0","","118","0.55","2.26","272","239","6040","72","1.69","0","0","0.0","0.356","0.0","0.0","0.0"
"TEA","TEA,INST,UNSWTND,PDR,PREP","14367","0","0.15","0","0","0.17","0","0","0.0","1","0","0","0.392","0.032","0.013","0.06","0","0","0.003","0.0","0.02","0.0","99.62","0.0","0.0","0.0","0.0","237.7","1 serving, 8 fl oz cup","30","1 fl oz","3","0.011","0.01","2","1","18","4","0.01","0","0","0.0","0.001","0.0","0.0","0.0"
"TEA","TEA,INST,UNSWTND,LEMON-FLAVORED,PDR","14368","0","9.6","0","0","78.52","0","66","5.0","345","0","0","30.67","6.168","2.597","7.4","0","0","0.558","3.0","4.519999981","0.017","4.3","0.012","0.117","0.047","0.18","1.4","1 tsp,  rounded","11","2 tbsp,  rounded","28","0.331","0.75","139","107","3453","55","0.98","0","0","0.0","0.223","0.0","0.09","0.0"
"TEA","TEA,INST,SWTND W/SUGAR,LEMON-FLAVORED,WO/ VIT C,PDR","14370","0","0.47","0","0","98.55","0","1","0.699999988","401","0","0","1.41","0.125","0.0","0.12","0","0","0.0","0.6","95.29000092","0.011","0.13","0.033","0.218","0.097","0.73","182.0","1 cup","23","1 serving,  (3 heaping tsp)","2","0.01","0.21","3","2","169","5","0.03","0","0","0.0","0.015","0.0","0.0","0.0"
"TEA","TEA,INST,SWTND W/SUGAR,LEMON-FLAVORED,WO/ VIT C,PDR,PREP","14371","0","0.13","0","0","8.61","0","0","0.100000001","35","0","0","0.124","0.011","0.0","0.01","0","0","0.0","0.1","8.329999924","0.001","91.18","0.002","0.018","0.008","0.06","259.0","1 cup,  (8 fl oz)","0","","2","0.007","0.02","1","0","15","2","0.01","0","0","0.0","0.001","0.0","0.0","0.0"
"TEA","TEA,INST,SWTND W/NA SACCHARIN,LEMON-FLAVORED,PDR","14375","0","7.2","0","0","85.4","0","40","0.0","338","0","0","30.37","3.88","1.54","3.3","0","0","0.335","1.8","1.879999995","0.0","3.5","0.0","0.0","0.0","0.6","1.6","2 tsp","14","4 tbsp,  (1/4 cup)","21","0.12","8.87","125","140","2568","412","0.89","0","0","0.0","0.121","0.0","0.0","0.0"
"TEA","TEA,INST,SWTND W/NA SACCHARIN,LEMON-FLAVORED,PREP","14376","0","0.14","0","0","0.44","0","0","0.0","2","0","0","0.155","0.02","0.008","0.02","0","0","0.002","0.0","0.01","0.0","99.41","0.0","0.0","0.0","0.0","238.22","1 serving, 8 fl oz cup","30","1 fl oz","3","0.01","0.05","2","1","14","6","0.01","0","0","0.0","0.001","0.0","0.0","0.0"
"TEA","TEA,HERB,OTHER THAN CHAMOMILE,BREWED","14381","0","0.0","0","0","0.2","0","0","0.0","1","0","0","0.044","0.0","0.011","0.0","0","0","0.004","0.0","0.0","0.01","99.7","0.001","0.005","0.002","0.0","29.6","1 fl oz","178","6 fl oz","2","0.015","0.08","1","0","9","1","0.04","0","0","0.0","0.0","0.0","0.0","0.0"
"SPORTS DRK","SPORTS DRK,FRUIT-FLAVORED,LO CAL,RTD","14383","0","0.2","0","0","3.0","0","0","0.0","11","0","0","0.0","0.0","0.0","0.0","0","0","0.0","0.1","0.0","0.0","96.8","0.0","0.0","0.0","0.0","240.0","1 cup,  (8 fl oz)","30","1 fl oz","0","0.02","0.05","1","9","10","35","0.02","0","0","0.0","0.0","6.3","0.0","0.0"
"WATER","WATER,BTLD,PERRIER","14384","0","0.1","0","0","0.0","0","0","0.0","0","0","0","0.0","0.0","0.0","0.0","0","0","0.0","0.0","0.0","0.0","99.9","0.0","0.0","0.0","0.0","29.57","1 fl oz","192","1 bottle,  6.5 fl oz","14","0.0","0.0","0","0","0","1","0.0","0","0","0.0","0.0","0.0","0.0","0.0"
"WATER","WATER,BTLD,POLAND SPRING","14385","0","0.0","0","0","0.0","0","0","0.0","0","0","0","0.0","0.0","0.0","0.0","0","0","0.0","0.0","0.0","0.0","100.0","0.0","0.0","0.0","0.0","29.57","1 fl oz","500","1 bottle,  16.9 fl oz in packages of 6 and 24","1","0.0","0.01","1","0","0","1","0.0","0","0","0.0","0.0","0.0","0.0","0.0"
"COCOA MIX","COCOA MIX,W/ ASPRT,PDR,PREP W/ H2O","14390","0","0.57","0","0","5.61","0","0","0.600000024","29","1","0","0.052","0.085","0.298","1.21","0","0","0.109","1.3","2.930000067","0.021","92.38","0.076","0.007","0.139","0.23","192.42","1 serving, 6 fl oz","32","1 fl oz","48","0.066","0.39","17","70","211","72","0.27","1","0","0.09","0.025","0.0","0.0","0.1"
"CARBONATED BEV","CARBONATED BEV,COLA,CONTAINS CAFFEINE","14400","0","0.04","0","0","9.56","0","0","0.0","37","0","0","0.002","0.0","0.0","0.07","0","0","0.0","0.1","8.970000267","0.0","90.31","0.0","0.0","0.0","0.02","30.69","1 fl oz","368","1 can, 12 fl oz","2","0.001","0.11","0","10","2","4","0.02","0","0","0.0","0.0","0.0","0.0","0.0"
"FRUIT PUNCH JUC DRK","FRUIT PUNCH JUC DRK,FRZ CONC","14405","0","0.5","0","0","43.1","0","0","0.200000003","175","0","0","0.21","0.208","0.103","0.3","0","0","0.23","0.0","0.0","0.004","55.5","0.086","0.173","0.087","0.7","35.2","1 fl oz","423","1 can,  (12 fl oz)","20","0.07","0.8","11","12","270","10","0.7","21","1","0.0","0.045","19.7","0.0","0.0"
"FRUIT PUNCH JUC DRK","FRUIT PUNCH JUC DRK,FRZ CONC,PREP W/H2O","14406","0","0.2","0","0","10.44","0","0","0.0","42","0","0","0.051","0.05","0.025","0.07","0","0","0.056","0.0","0.0","0.001","89.15","0.021","0.042","0.021","0.17","234.12","1 serving, 8 fl oz","29","1 fl oz","7","0.024","0.2","3","3","66","5","0.17","5","0","0.0","0.011","4.8","0.0","0.0"
"ORANGE-FLAVOR DRK","ORANGE-FLAVOR DRK,BRKFST TYPE,PDR","14407","0","0.92","0","1","98.94","0","0","0.400000006","386","1","0","0.05","8.0","0.007","0.0","0","599","0.68","0.5","92.30999756","0.001","0.14","0.0","0.0","0.0","0.0","26.0","1 serving, 2 tbsp","0","","385","0.013","0.02","0","151","190","17","0.01","2000","600","0.0","0.8","230.8","0.0","0.0"
"ORANGE-FLAVOR DRK","ORANGE-FLAVOR DRK,BRKFST TYPE,PDR,PREP W/ H2O","14408","0","0.2","0","0","12.65","0","0","0.100000001","49","0","0","0.007","1.023","0.001","0.0","0","77","0.087","0.1","11.80000019","0.0","87.15","0.0","0.0","0.0","0.0","203.42","1 serving, 6 fl oz","34","1 fl oz","52","0.01","0.0","1","19","25","5","0.01","256","77","0.0","0.102","29.5","0.0","0.0"
"ORANGE-FLAVOR DRK","ORANGE-FLAVOR DRK,BRKFST TYPE,LO CAL,PDR","14409","0","8.7","0","0","85.9","0","0","3.799999952","217","0","0","0.0","80.0","0.0","3.6","0","6006","6.8","0.0","2.599999905","0.0","1.8","0.0","0.0","0.0","0.0","2.5","1 portion,  amount of dry mix to make 8 fl oz prepared","0","","1378","0.003","0.07","275","629","3132","81","0.0","20000","6006","0.0","8.0","2400.0","0.0","0.0"
"WATER","WATER,TAP,DRINKING","14411","0","0.1","0","0","0.0","0","0","0.0","0","0","0","0.0","0.0","0.0","0.0","0","0","0.0","0.0","0.0","0.0","99.9","0.0","0.0","0.0","0.0","29.57","1 fl oz","237","1 cup, 8 fl oz","3","0.01","0.0","1","0","0","4","0.01","0","0","0.0","0.0","0.0","0.0","0.0"
"WATER","WATER,TAP,WELL","14412","0","0.1","0","0","0.0","0","0","0.0","0","0","0","0.0","0.0","0.0","0.0","0","0","0.0","0.0","0.0","0.0","99.9","0.0","0.0","0.0","0.0","29.57","1 fl oz","237","1 cup, 8 fl oz","3","0.016","0.0","1","0","0","5","0.01","0","0","0.0","0.0","0.0","0.0","0.0"
"ALCOHOLIC BEV","ALCOHOLIC BEV,LIQUEUR,COFFEE,53 PROOF","14414","0","0.1","0","0","46.8","0","1","0.0","326","0","0","0.014","0.144","0.0","0.1","0","0","0.012","0.4","46.43000031","0.004","31.0","0.022","0.105","0.106","0.3","34.8","1 fl oz","52","1 jigger,  1.5 fl oz","1","0.04","0.06","3","6","30","8","0.03","0","0","0.0","0.0","0.0","0.0","0.0"
"ALCOHOLIC BEV","ALCOHOLIC BEV,LIQUEUR,COFFEE W/CRM,34 PROOF","14415","0","0.4","30","0","20.9","58","8","0.0","327","0","0","0.006","0.078","0.087","2.8","0","171","0.057","0.4","19.76000023","0.011","46.5","4.458","0.669","9.664","15.7","31.1","1 fl oz","47","1 jigger,  1.5 fl oz","16","0.04","0.13","2","50","32","92","0.16","620","173","0.08","0.011","0.2","0.45","1.3"
"CARB BEV","CARB BEV,LO CAL,COLA OR PEP,W/ ASPRT, CAF","14416","0","0.03","0","0","0.29","0","0","0.0","2","0","0","0.107","0.0","0.0","0.11","0","0","0.023","0.0","0.0","0.005","99.54","0.0","0.0","0.0","0.03","29.6","1 fl oz","355","1 can, 12 fl oz","3","0.002","0.11","1","9","8","8","0.01","0","0","0.0","0.0","0.0","0.0","0.0"
"COFFEE SUB","COFFEE SUB,CRL GRAIN BEV,PDR,PREP W/ WHL MILK","14421","0","0.8","0","0","5.6","13","0","0.100000001","65","0","0","0.016","0.293","0.31","3.3","0","28","0.161","5.5","0.0","0.038","87.0","0.958","0.144","2.061","3.3","185.0","6 fl oz","0","","119","0.012","0.11","16","99","172","49","0.38","124","28","0.35","0.042","0.9","0.0","0.0"
"DAIRY DRK MIX","DAIRY DRK MIX,CHOC,RED CAL,W/ASPRT,PDR","14422","0","8.2","1","0","51.4","24","128","9.399999619","329","12","0","0.73","1.25","2.139","25.0","0","209","1.938","21.5","32.93999863","0.112","12.8","0.496","0.061","1.871","2.6","21.3","1 packet,  (.75 oz)","0","","1412","0.8","7.7","210","893","2240","659","3.6","698","209","2.03","0.11","5.6","0.04","0.8"
"DAIRY DRK MIX","DAIRY DRK MIX,CHOC,RED CAL,W/ ASPRT,PDR,PREP W/ H2O & ICE","14423","0","0.81","0","0","4.51","2","0","0.800000012","29","1","0","0.064","0.11","0.188","2.19","0","18","0.17","1.9","2.890000105","0.01","92.26","0.043","0.005","0.164","0.23","242.91","1 serving","0","","127","0.079","0.68","19","78","197","61","0.32","61","18","0.18","0.01","0.5","0.0","0.1"
"ORANGE-FLAVOR DRK","ORANGE-FLAVOR DRK,BRKFST TYPE,W/PULP,FRZ CONC","14424","0","1.3","0","0","42.9","0","0","0.200000003","172","0","0","0.028","0.0","0.025","0.1","0","0","0.133","0.3","41.84999847","0.422","55.2","0.226","0.197","0.078","0.5","35.3","1 fl oz","424","1 can,  (12 fl oz)","130","0.039","0.26","2","76","435","24","0.06","0","0","0.0","0.0","243.1","0.3","0.2"
"ORANGE-FLAVOR DRK","ORANGE-FLAVOR DRK,BRKFST TYPE,W/PULP,FRZ CONC,PREP W/H2O","14425","0","0.44","0","0","12.21","0","0","0.0","49","0","0","0.008","0.0","0.007","0.03","0","0","0.038","0.1","11.90999985","0.12","87.18","0.064","0.056","0.022","0.14","248.02","1 serving, 8 fl oz","31","1 fl oz","39","0.018","0.08","1","22","124","10","0.02","0","0","0.0","0.0","69.2","0.09","0.1"
"ORANGE DRK","ORANGE DRK,BRKFST TYPE,W/ JUC & PULP,FRZ CONC","14426","0","1.4","11","0","39.0","0","2","0.100000001","153","0","0","0.048","0.87","0.65","0.4","0","0","3.59","0.0","38.04999924","0.363","59.2","0.003","0.004","0.002","0.0","36.3","1 fl oz","436","1 can,  (12 fl oz)","399","0.32","0.26","34","115","465","26","0.12","21","1","0.0","0.244","189.7","0.09","0.1"
"ORANGE DRK","ORANGE DRK,BRKFST TYPE,W/JUC&PULP,FRZ CONC,PREP W/H2O","14427","0","0.48","3","0","11.32","0","0","0.0","45","0","0","0.014","0.253","0.189","0.12","0","0","1.042","0.0","11.05000019","0.105","88.08","0.001","0.001","0.001","0.0","250.02","1 serving, 8 fl oz","31","1 fl oz","118","0.1","0.08","11","33","167","10","0.04","6","0","0.0","0.071","55.1","0.02","0.0"
"SHAKE","SHAKE,FAST FD,STRAWBERRY","14428","0","0.9","0","0","18.9","11","0","0.400000006","113","0","0","0.015","0.175","0.492","3.4","0","26","0.195","2.1","0.0","0.045","74.1","0.0","0.0","1.734","2.8","23.52","1 fl oz","282","1 small,  12 fl oz","113","0.022","0.11","13","100","182","83","0.36","120","26","0.31","0.044","0.8","0.0","0.0"
"WATER","WATER,TAP,MUNICIPAL","14429","0","0.1","0","0","0.0","0","0","0.0","0","0","0","0.0","0.0","0.0","0.0","0","0","0.0","0.0","0.0","0.0","99.9","0.0","0.0","0.0","0.0","29.57","1 fl oz","237","1 cup, 8 fl oz","3","0.009","0.0","1","0","1","3","0.0","0","0","0.0","0.0","0.0","0.0","0.0"
"CRANBERRY JUC COCKTAIL","CRANBERRY JUC COCKTAIL,FRZ CONC","14430","0","0.1","0","0","51.45","0","0","0.200000003","201","0","0","0.14","0.04","0.487","0.05","0","0","0.032","0.0","42.5","0.023","48.4","0.0","0.0","0.0","0.0","36.2","1 fl oz","435","1 can,  (12 fl oz)","11","0.02","0.3","5","5","49","4","0.07","34","2","0.0","0.049","45.8","0.0","0.0"
"CRANBERRY JUC COCKTAIL","CRANBERRY JUC COCKTAIL,FRZ CONC,PREP W/ H2O","14431","0","0.1","0","0","11.81","0","0","0.0","47","0","0","0.032","0.009","0.112","0.01","0","0","0.007","0.0","9.760000229","0.005","88.08","0.0","0.0","0.0","0.0","236.69","1 serving, 8 fl oz","30","1 fl oz","5","0.012","0.07","2","1","12","4","0.02","8","0","0.0","0.011","10.5","0.0","0.0"
"WATER","WATER,BTLD,NON-CARBONATED,DANNON","14432","0","0.0","0","0","0.0","0","0","0.0","0","0","0","0.0","0.0","0.0","0.0","0","0","0.0","0.0","0.0","0.0","99.98","0.0","0.0","0.0","0.0","29.57","1 fl oz","331","1 bottle,  11.2 fl oz in package of 12","3","0.0","0.0","1","0","0","0","0.0","0","0","0.0","0.0","0.0","0.0","0.0"
"WATER","WATER,BTLD,NON-CARBONATED,PEPSI,AQUAFINA","14433","0","0.0","0","0","0.0","0","0","0.0","0","0","0","0.0","0.0","0.0","0.0","0","0","0.0","0.0","0.0","0.0","99.97","0.0","0.0","0.0","0.0","29.57","1 fl oz","500","1 bottle,  16.9 fl oz in packages of 6, 12 or 24","0","0.0","0.0","0","0","0","0","0.0","0","0","0.0","0.0","0.0","0.0","0.0"
"WATER","WATER,BTLD,NON-CARBONATED,DASANI","14434","0","0.0","0","0","0.0","0","0","0.0","0","0","0","0.0","0.0","0.0","0.0","0","0","0.0","0.0","0.0","0.0","99.96","0.0","0.0","0.0","0.0","29.57","1 fl oz","500","1 bottle,  16.9 fl oz in packages of 6 and 24","0","0.0","0.0","0","0","0","0","0.0","0","0","0.0","0.0","0.0","0.0","0.0"
"ORANGE BRKFST DRK","ORANGE BRKFST DRK,RTD","14435","1","0.3","5","12","10.8","0","0","0.200000003","43","15","0","0.013","0.068","0.051","0.0","0","0","0.009","0.1","6.559999943","0.017","88.9","0.0","0.0","0.0","0.0","250.0","1 cup,  (8 fl oz)","31","1 fl oz","4","0.018","0.04","3","3","41","2","0.02","18","1","0.0","0.013","13.0","0.04","0.0"
"ORANGE BRKFST DRK","ORANGE BRKFST DRK,RTD,W/ ADDED NUTR","14436","0","1.4","219","62","13.2","0","0","0.100000001","53","8","0","0.013","0.09","0.051","0.0","0","0","0.01","0.0","8.020000458","0.12","85.4","0.0","0.0","0.0","0.0","31.6","1 fl oz","253","1 cup,  (8 fl oz)","100","0.027","0.05","5","7","83","54","0.05","417","21","0.0","0.02","24.0","0.04","0.0"
"WATER","WATER,BTLD,NON-CARBONATED,CALISTOGA","14437","0","0.1","0","0","0.0","0","0","0.0","0","0","0","0.0","0.0","0.0","0.0","0","0","0.0","0.0","0.0","0.0","100.0","0.0","0.0","0.0","0.0","29.57","1 fl oz","500","1 bottle,  16.9 fl oz","0","0.0","0.0","0","0","0","0","0.0","0","0","0.0","0.0","0.0","0.0","0.0"
"WATER","WATER,BTLD,NON-CARBONATED,CRYSTAL GEYSER","14438","0","0.1","0","0","0.0","0","0","0.0","0","0","0","0.0","0.0","0.0","0.0","0","0","0.0","0.0","0.0","0.0","100.0","0.0","0.0","0.0","0.0","29.57","1 fl oz","237","1 bottle,  8 fl oz in packages of 8","3","0.0","0.0","0","0","0","1","0.0","0","0","0.0","0.0","0.0","0.0","0.0"
"WATER","WATER,BTLD,NON-CARBONATED,NAYA","14439","0","0.1","0","0","0.0","0","0","0.0","0","0","0","0.0","0.0","0.0","0.0","0","0","0.0","0.0","0.0","0.0","100.0","0.0","0.0","0.0","0.0","29.57","1 fl oz","0","","4","0.0","0.0","2","0","0","1","0.0","0","0","0.0","0.0","0.0","0.0","0.0"
"WATER","WATER,BTLD,NON-CARBONATED,DANNON FLUORIDE TO GO","14440","0","0.0","0","0","0.03","0","0","0.0","0","0","0","0.0","0.0","0.0","0.0","0","0","0.0","0.0","0.0","0.0","99.97","0.0","0.0","0.0","0.0","29.57","1 fl oz","251","1 bottle,  8.5 fl oz in packages of 8","3","0.0","0.01","1","0","0","1","0.0","0","0","0.0","0.0","0.0","0.0","0.0"
"DRINK MIX","DRINK MIX,QUAKER OATS,GATORADE,ORANGE FLAVOR,PDR","14450","0","2.15","0","0","94.11","0","0","0.0","388","0","0","0.05","0.22","0.055","0.0","0","0","0.802","0.0","80.5","0.011","2.51","0.0","0.0","0.0","1.23","207.3","1 cup, powder","23","1 scoop, powder","40","0.25","0.34","1","120","30","63","0.06","0","0","0.0","0.022","0.4","0.0","0.0"
"SPORTS DRK","SPORTS DRK,PEPSICO,GATORADE,FRUIT-FLAVORED,RTD","14460","0","0.14","0","0","6.43","0","0","0.0","26","0","0","0.013","0.22","0.055","0.0","0","0","0.0","0.0","5.239999771","0.011","93.38","0.0","0.0","0.0","0.0","30.46","1 fl oz","244","8 fl oz","1","0.006","0.05","0","10","15","39","0.01","0","0","0.0","0.022","0.4","0.0","0.2"
"SPORTS DRK","SPORTS DRK,COCA-COLA,POWERADE,LEMON-LIME FLAV,RTD","14461","0","0.2","0","0","7.84","0","0","0.0","32","0","0","0.0","1.565","0.0","0.0","0","0","0.0","0.0","6.110000134","0.011","91.91","0.011","0.028","0.008","0.05","30.45","1 fl oz","244","8 fl oz","1","0.0","0.09","0","1","18","22","0.01","0","0","1.37","0.153","0.0","0.0","0.0"
"QUAKER OATS","QUAKER OATS,PROPEL FITNESS H2O,FRUIT-FLAVORED,NON-CARBONATED","14462","0","0.0","0","0","1.22","0","0","0.0","5","0","0","0.0","4.095","1.57","0.0","0","0","0.0","0.0","1.220000029","0.0","98.78","0.0","0.0","0.0","0.0","29.64","1 fluid ounce","501","1 bottle,  16.9 fl oz in packages of 6","1","0.0","0.03","0","0","16","13","0.0","0","0","0.01","0.556","8.8","1.67","0.0"
"TEA","TEA,RTD,ARIZONA ICED TEA,W/ LEMON FLAVOR","14475","0","0.07","0","0","9.77","0","0","0.0","39","0","0","0.16","0.0","0.0","0.0","0","0","0.0","0.0","9.630000114","0.0","90.15","0.0","0.0","0.0","0.0","30.63","1 fl oz","227","1 serving,  8 fl oz","3","0.005","0.0","1","1","10","4","0.01","0","0","0.0","0.0","0.0","0.0","0.0"
"TEA","TEA,RTD,LIPTON BRISK ICED TEA,W/ LEMON FLAVOR","14476","0","0.12","0","0","8.81","0","0","0.0","35","0","0","0.146","0.0","0.0","0.0","0","0","0.0","0.0","8.68999958","0.0","91.06","0.0","0.0","0.0","0.0","30.58","1 fl oz","245","1 serving,  8 fl oz","1","0.005","0.0","0","26","19","21","0.01","0","0","0.0","0.0","0.0","0.0","0.0"
"WHISKEY SOUR MIX","WHISKEY SOUR MIX,BTLD,W/ K&NA","14530","0","0.2","0","0","21.4","0","0","0.0","84","0","0","0.0","0.0","0.013","0.1","0","0","0.01","0.1","0.0","0.013","78.2","0.002","0.02","0.008","0.1","32.3","1 fl oz","0","","2","0.0","0.11","1","6","7","33","0.07","21","1","0.0","0.0","2.7","0.0","0.0"
"ALCOHOLIC BEV","ALCOHOLIC BEV,WHISKEY SOUR,PREP FROM ITEM 14530","14531","0","0.1","0","0","13.1","0","0","0.0","149","0","0","0.006","0.02","0.008","0.0","0","0","0.006","0.1","0.0","0.011","72.6","0.001","0.012","0.005","0.0","30.4","1 fl oz","106","1 portion,  (2 oz mix + 1.5 oz whiskey)","1","0.009","0.08","1","6","5","20","0.06","13","1","0.0","0.0","1.6","0.0","0.0"
"ALCOHOLIC BEV","ALCOHOLIC BEV,DISTILLED,ALL (GIN,RUM,VODKA,WHISKEY) 94 PROOF","14532","0","0.0","0","0","0.0","0","0","0.0","275","0","0","0.018","0.013","0.0","0.0","0","0","0.004","0.0","0.0","0.006","60.3","0.0","0.0","0.0","0.0","27.8","1 fl oz","42","1 jigger,  1.5 fl oz","0","0.021","0.04","0","4","2","1","0.04","0","0","0.0","0.001","0.0","0.0","0.0"
VEAL","VEAL,SHLDR,WHL (ARM&BLD),LN&FAT,CKD,RSTD","17118","0","1.4","0","0","0.0","113","0","0.0","184","0","0","0.03","6.33","1.3","25.32","28","0","0.34","10.7","0.0","0.07","65.31","3.16","0.61","3.4","8.42","258.0","1 piece, cooked, excluding refuse (yield from 1 lb raw meat with refuse)","85","3 oz","27","0.139","1.03","25","215","322","96","5.12","0","0","1.82","0.26","0.0","0.46","0.0"
"VEAL","VEAL,SHLDR,WHL (ARM&BLD),LN,RAW","17119","0","1.07","0","0","0.0","86","0","0.0","112","0","0","0.029","6.15","1.45","19.79","31","0","0.29","8.3","0.0","0.09","76.58","0.96","0.31","0.9","3.0","28.35","1 oz","454","1 lb","22","0.121","0.9","24","208","311","92","4.06","0","0","1.68","0.4","0.0","0.26","0.0"
"VEAL","VEAL,SHLDR,WHL (ARM&BLD),LN,CKD,BRSD","17120","0","1.27","0","0","0.0","130","0","0.0","199","0","0","0.038","6.68","1.61","33.68","35","0","0.35","14.7","0.0","0.06","58.88","2.18","0.55","1.7","6.1","182.0","1 piece, cooked, excluding refuse (yield from 1 lb raw meat with refuse)","85","3 oz","37","0.159","1.45","28","260","319","97","7.0","0","0","1.94","0.26","0.0","0.45","0.0"
"VEAL","VEAL,SHLDR,WHL (ARM&BLD),LN,CKD,RSTD","17121","0","1.41","0","0","0.0","114","0","0.0","170","0","0","0.03","6.44","1.32","25.81","30","0","0.34","10.9","0.0","0.07","66.66","2.4","0.53","2.5","6.62","251.0","1 piece, cooked, excluding refuse (yield from 1 lb raw meat with refuse)","85","3 oz","27","0.142","1.03","25","218","327","97","5.25","0","0","1.86","0.26","0.0","0.5","0.0"
"VEAL","VEAL,SHLDR,ARM,LN&FAT,RAW","17122","0","1.08","0","0","0.0","82","83","0.0","132","0","0","0.028","7.63","1.26","19.34","21","0","0.27","8.4","0.0","0.08","74.05","2.08","0.38","2.26","5.44","28.35","1 oz","304","1 steak, excluding refuse (yield from 1 raw steak, with refuse, weighing 385 g)","21","0.12","1.0","25","208","327","83","3.2","0","0","1.37","0.44","0.0","0.27","4.6"
"VEAL","VEAL,SHLDR,ARM,LN&FAT,CKD,BRSD","17123","0","1.27","0","0","0.0","148","0","0.0","236","0","0","0.036","10.08","1.31","33.63","23","0","0.31","14.5","0.0","0.06","55.28","3.99","0.7","3.96","10.24","85.0","3 oz","173","1 steak, excluding refuse (yield from 1 raw steak, with refuse, weighing 385 g)","28","0.128","1.38","29","263","333","87","5.81","0","0","1.72","0.29","0.0","0.46","0.0"
"VEAL","VEAL,SHLDR,ARM,LN&FAT,CKD,RSTD","17124","0","1.44","0","0","0.0","108","0","0.0","183","0","0","0.03","8.02","1.16","25.46","21","0","0.32","11.1","0.0","0.06","64.68","3.2","0.54","3.51","8.25","283.0","1 piece, cooked, excluding refuse (yield from 1 lb raw meat with refuse)","85","3 oz","26","0.141","1.15","26","221","348","90","4.18","0","0","1.53","0.29","0.0","0.46","0.0"
"VEAL","VEAL,SHLDR,ARM,LN,RAW","17125","0","1.12","0","0","0.0","83","0","0.0","105","0","0","0.029","7.91","1.3","20.04","25","0","0.28","8.6","0.0","0.08","76.64","0.69","0.22","0.65","2.16","28.35","1 oz","289","1 steak, excluding refuse (yield from 1 raw steak, with refuse, weighing 385 g)","22","0.124","1.02","26","215","339","86","3.34","0","0","1.42","0.46","0.0","0.27","0.0"
"VEAL","VEAL,SHLDR,ARM,LN,CKD,BRSD","17126","0","1.31","0","0","0.0","155","0","0.0","201","0","0","0.038","10.71","1.39","35.73","29","0","0.33","15.3","0.0","0.06","58.2","1.9","0.48","1.49","5.33","85.0","3 oz","160","1 steak, excluding refuse (yield from 1 raw steak, with refuse, weighing 385 g)","30","0.135","1.41","30","276","347","90","6.24","0","0","1.82","0.3","0.0","0.47","0.0"
"VEAL","VEAL,SHLDR,ARM,LN,CKD,RSTD","17127","0","1.47","0","0","0.0","109","0","0.0","164","0","0","0.03","8.24","1.19","26.13","24","0","0.33","11.3","0.0","0.07","66.47","2.16","0.43","2.31","5.81","272.0","1 piece, cooked, excluding refuse (yield from 1 lb raw meat with refuse)","85","3 oz","27","0.146","1.16","27","226","356","91","4.32","0","0","1.57","0.3","0.0","0.5","0.0"
"VEAL","VEAL,SHLDR,BLADE,LN&FAT,RAW","17128","0","1.04","0","0","0.0","90","0","0.0","129","0","0","0.028","5.45","1.51","19.23","32","0","0.3","8.1","0.0","0.09","75.15","1.87","0.42","1.94","5.2","28.35","1 oz","454","1 lb","23","0.118","0.87","23","200","289","95","4.31","0","0","1.82","0.37","0.0","0.28","0.0"
"VEAL","VEAL,SHLDR,BLADE,LN&FAT,CKD,BRSD","17129","0","1.22","0","0","0.0","153","122","0.0","225","0","0","0.036","5.5","1.52","31.26","35","0","0.35","14.0","0.0","0.06","56.98","3.85","0.74","3.64","10.09","186.0","1 piece, cooked, excluding refuse (yield from 1 lb raw meat with refuse)","85","3 oz","38","0.164","1.44","26","244","297","98","7.0","0","0","1.93","0.24","0.0","0.44","6.6"
"VEAL","VEAL,SHLDR,BLADE,LN&FAT,CKD,RSTD","17130","0","1.38","0","0","0.0","117","0","0.0","186","0","0","0.03","5.73","1.38","25.15","32","0","0.35","10.6","0.0","0.07","65.54","3.24","0.64","3.46","8.67","244.0","1 piece, cooked, excluding refuse (yield from 1 lb raw meat with refuse)","85","3 oz","28","0.138","1.0","24","212","306","100","5.58","0","0","2.01","0.24","0.0","0.47","0.0"
"VEAL","VEAL,SHLDR,BLADE,LN,RAW","17131","0","1.06","0","0","0.0","90","0","0.0","113","0","0","0.029","5.55","1.54","19.64","34","0","0.31","8.1","0.0","0.09","76.71","1.05","0.34","0.98","3.26","28.35","1 oz","454","1 lb","23","0.121","0.88","23","204","295","97","4.42","0","0","1.86","0.37","0.0","0.27","0.0"
"VEAL","VEAL,SHLDR,BLADE,LN,CKD,BRSD","17132","0","1.24","0","0","0.0","158","127","0.0","198","0","0","0.038","5.68","1.59","32.66","39","0","0.36","14.5","0.0","0.06","59.24","2.31","0.58","1.81","6.48","174.0","1 piece, cooked, excluding refuse (yield from 1 lb raw meat with refuse)","85","3 oz","40","0.171","1.47","28","252","305","101","7.39","0","0","2.01","0.25","0.0","0.45","6.8"
"VEAL","VEAL,SHLDR,BLADE,LN,CKD,RSTD","17133","0","1.39","0","0","0.0","119","0","0.0","171","0","0","0.03","5.82","1.41","25.64","34","0","0.36","10.7","0.0","0.07","66.9","2.47","0.56","2.57","6.88","236.0","1 piece, cooked, excluding refuse (yield from 1 lb raw meat with refuse)","85","3 oz","28","0.141","1.0","24","215","310","102","5.72","0","0","2.06","0.24","0.0","0.5","0.0"
"VEAL","VEAL,SIRLOIN,LN&FAT,RAW","17134","0","1.04","0","0","0.0","78","82","0.0","152","0","0","0.027","8.44","1.36","19.07","25","0","0.3","8.5","0.0","0.08","71.85","3.04","0.51","3.35","7.81","28.35","1 oz","454","1 lb","11","0.11","0.78","24","209","329","76","2.55","0","0","1.27","0.49","0.0","0.25","4.6"
"VEAL","VEAL,SIRLOIN,LN&FAT,CKD,BRSD","17135","0","1.16","0","0","0.0","108","0","0.0","252","0","0","0.035","6.58","1.01","31.26","26","0","0.35","14.0","0.0","0.05","54.49","5.15","0.87","5.18","13.14","205.0","1 piece, cooked, excluding refuse (yield from 1 lb raw meat with refuse)","85","3 oz","17","0.128","1.2","27","243","321","79","4.32","0","0","1.48","0.35","0.0","0.41","0.0"
"VEAL","VEAL,SIRLOIN,LN&FAT,CKD,RSTD","17136","0","1.39","0","0","0.0","102","100","0.0","202","0","0","0.029","8.87","1.26","25.14","25","0","0.35","11.1","0.0","0.06","62.66","4.08","0.68","4.51","10.45","269.0","1 piece, cooked, excluding refuse (yield from 1 lb raw meat with refuse)","85","3 oz","13","0.129","0.92","26","223","351","83","3.35","0","0","1.42","0.32","0.0","0.42","6.6"
"VEAL","VEAL,SIRLOIN,LN,RAW","17137","0","1.09","0","0","0.0","79","0","0.0","110","0","0","0.029","8.97","1.45","20.2","31","0","0.31","8.7","0.0","0.08","75.94","0.83","0.27","0.78","2.59","28.35","1 oz","454","1 lb","11","0.116","0.8","26","220","348","80","2.73","0","0","1.34","0.52","0.0","0.25","0.0"
"VEAL","VEAL,SIRLOIN,LN,CKD,BRSD","17138","0","1.2","0","0","0.0","113","0","0.0","204","0","0","0.038","7.05","1.08","33.96","34","0","0.38","15.0","0.0","0.06","58.55","2.33","0.58","1.82","6.51","183.0","1 piece, cooked, excluding refuse (yield from 1 lb raw meat with refuse)","85","3 oz","19","0.138","1.23","29","259","339","81","4.75","0","0","1.59","0.38","0.0","0.44","0.0"
"VEAL","VEAL,SIRLOIN,LN,CKD,RSTD","17139","0","1.44","0","0","0.0","104","0","0.0","168","0","0","0.03","9.33","1.32","26.32","30","0","0.37","11.5","0.0","0.06","65.74","2.28","0.48","2.41","6.22","251.0","1 piece, cooked, excluding refuse (yield from 1 lb raw meat with refuse)","85","3 oz","14","0.136","0.91","27","231","365","85","3.54","0","0","1.49","0.34","0.0","0.46","0.0"
"VEAL","VEAL,CUBED FOR STEW (LEG&SHLDR),LN,RAW","17140","0","1.1","0","0","0.0","84","0","0.0","109","0","0","0.029","7.4","1.25","20.27","0","0","0.29","8.8","0.0","0.09","76.39","0.8","0.26","0.75","2.5","28.35","1 oz","454","1 lb","17","0.118","0.88","25","213","331","83","3.48","0","0","1.49","0.45","0.0","0.27","0.0"
"VEAL","VEAL,CUBED FOR STEW (LEG&SHLDR),LN,CKD,BRSD","17141","0","1.89","0","0","0.0","145","0","0.0","188","0","0","0.04","8.3","1.19","34.94","0","0","0.4","15.2","0.0","0.07","59.29","1.39","0.45","1.3","4.31","263.0","1 unit, cooked (yield from 1 lb raw meat)","85","3 oz","29","0.153","1.44","28","239","342","93","6.01","0","0","1.67","0.38","0.0","0.45","0.0"
"VEAL","VEAL,GROUND,RAW","17142","0","1.04","0","0","0.0","82","0","0.0","144","0","0","0.028","7.5","1.31","19.35","0","0","0.27","8.1","0.0","0.08","72.84","2.57","0.48","2.79","6.77","28.35","1 oz","113","4 oz","15","0.109","0.83","24","203","315","82","3.06","0","0","1.34","0.41","0.0","0.26","0.0"
"VEAL","VEAL,GROUND,CKD,BRLD","17143","0","1.31","0","0","0.0","103","95","0.0","172","0","0","0.035","8.03","1.16","24.38","0","0","0.27","13.7","0.0","0.07","66.76","2.84","0.55","3.04","7.56","299.0","1 unit, cooked (yield from 1 lb raw meat)","85","3 oz","17","0.103","0.99","24","217","337","83","3.87","0","0","1.27","0.39","0.0","0.15","1.2"
"GAME MEAT","GAME MEAT,ANTELOPE,RAW","17144","0","1.1","0","0","0.0","95","0","0.0","114","0","0","0.02","0.0","0.0","22.38","0","0","0.58","9.7","0.0","0.32","74.08","0.48","0.44","0.74","2.03","28.35","1 oz","454","1 lb","3","0.18","3.19","27","188","353","51","1.28","0","0","0.0","0.0","0.0","0.0","0.0"
"GAME MEAT","GAME MEAT,ANTELOPE,CKD,RSTD","17145","0","1.45","0","0","0.0","126","0","0.0","150","0","0","0.022","0.0","0.0","29.45","0","0","0.73","12.9","0.0","0.26","65.9","0.63","0.58","0.97","2.67","340.0","1 piece, cooked (yield from 1 lb raw meat, boneless)","85","3 oz","4","0.213","4.2","28","210","372","54","1.68","0","0","0.0","0.0","0.0","0.0","0.0"
"GAME MEAT","GAME MEAT,BEAR,RAW","17146","0","0.7","0","0","0.0","0","0","0.0","161","0","0","0.0","3.2","0.0","20.1","0","0","0.68","8.3","0.0","0.16","71.2","0.0","0.0","0.0","8.3","28.35","1 oz","454","1 lb","3","0.0","6.65","0","151","0","0","0.0","0","0","0.0","0.0","0.0","0.0","0.0"
"GAME MEAT","GAME MEAT,BEAR,CKD,SIMMRD","17147","0","1.13","0","0","0.0","98","122","0.0","259","0","0","0.0","3.35","0.0","32.42","0","0","0.82","11.2","0.0","0.1","53.55","5.66","2.4","3.54","13.39","277.0","1 piece, cooked (yield from 1 lb raw meat, boneless)","85","3 oz","5","0.148","10.73","23","170","263","71","10.27","0","0","2.47","0.29","0.0","0.49","1.8"
"BISON","BISON,GROUND,GRASS-FED,CKD","17148","0","1.02","0","0","0.0","71","97","0.0","179","0","0","0.0","5.966","0.0","25.45","0","0","0.264","31.1","0.0","0.139","65.09","3.293","0.402","3.489","8.62","85.05","3 oz","0","","14","0.151","3.19","23","213","353","76","5.34","0","0","2.44","0.401","0.0","0.2","1.3"
"BISON","BISON,GROUND,GRASS-FED,RAW","17149","0","0.91","0","0","0.05","55","86","0.0","146","0","0","0.0","5.322","0.0","20.23","0","0","0.246","20.0","0.0","0.141","71.59","2.753","0.336","2.917","7.21","0.0","","0","","11","0.14","2.78","21","194","328","70","4.59","0","0","1.94","0.383","0.0","0.19","1.2"
"GAME MEAT","GAME MEAT,BEAVER,RAW","17150","0","1.0","0","0","0.0","0","0","0.0","146","0","0","0.0","1.9","0.0","24.05","0","0","0.22","26.6","0.0","0.06","70.97","0.0","0.0","0.0","4.8","28.35","1 oz","454","1 lb","15","0.0","6.9","25","237","348","51","0.0","0","0","0.0","0.0","2.0","0.0","0.0"
"GAME MEAT","GAME MEAT,BEAVER,CKD,RSTD","17151","0","1.45","0","0","0.0","117","130","0.0","212","0","0","0.0","2.2","0.93","34.85","0","0","0.31","43.1","0.0","0.05","57.92","1.89","1.35","2.07","6.96","313.0","1 piece, cooked (yield from 1 lb raw meat, boneless)","85","3 oz","22","0.189","10.0","29","292","403","59","2.27","0","0","8.3","0.47","3.0","0.45","1.6"
"GAME MEAT","GAME MEAT,BEEFALO,COMP OF CUTS,RAW","17152","0","0.92","0","0","0.0","44","0","0.0","143","0","0","0.0","4.64","0.55","23.3","0","0","0.09","9.8","0.0","0.04","70.89","2.04","0.15","2.04","4.8","28.35","1 oz","454","1 lb","18","0.0","2.32","0","224","436","78","4.86","0","0","2.42","0.0","7.0","0.0","0.0"
"GAME MEAT","GAME MEAT,BEEFALO,COMP OF CUTS,CKD,RSTD","17153","0","1.21","0","0","0.0","58","0","0.0","188","0","0","0.0","4.89","0.58","30.66","0","0","0.11","13.1","0.0","0.03","61.7","2.68","0.2","2.68","6.32","340.0","1 piece, cooked (yield from 1 lb raw meat, boneless)","85","3 oz","24","0.0","3.05","0","250","459","82","6.4","0","0","2.55","0.0","9.0","0.0","0.0"
"GAME MEAT","GAME MEAT,BISON,LN,RAW","17156","0","1.2","0","0","0.0","62","0","0.0","109","0","0","0.007","1.91","0.0","21.62","0","0","0.094","27.0","0.0","0.0","74.57","0.72","0.19","0.69","1.84","28.35","1 oz","454","1 lb","6","0.09","2.6","25","187","343","54","2.8","0","0","0.0","0.0","0.0","0.0","0.0"
"GAME MEAT","GAME MEAT,BISON,LN,CKD,RSTD","17157","0","1.58","0","0","0.0","82","115","0.0","143","0","0","0.008","3.71","0.0","28.44","0","0","0.27","35.5","0.0","0.1","66.54","0.95","0.24","0.91","2.42","340.0","1 piece, cooked (yield from 1 lb raw meat, boneless)","85","3 oz","8","0.107","3.42","26","209","361","57","3.68","0","0","2.86","0.4","0.0","0.36","1.3"
"GAME MEAT","GAME MEAT,BOAR,WILD,RAW","17158","0","0.97","0","0","0.0","0","0","0.0","122","0","0","0.0","4.0","0.0","21.51","0","0","0.11","9.8","0.0","0.39","72.54","1.3","0.48","0.99","3.33","28.35","1 oz","454","1 lb","12","0.0","0.0","0","120","0","0","0.0","0","0","0.0","0.0","0.0","0.0","0.0"
"GAME MEAT","GAME MEAT,BOAR,WILD,CKD,RSTD","17159","0","1.27","0","0","0.0","77","117","0.0","160","0","0","0.0","4.21","0.0","28.3","0","0","0.14","13.0","0.0","0.31","63.87","1.71","0.64","1.3","4.38","340.0","1 piece, cooked (yield from 1 lb raw meat, boneless)","85","3 oz","16","0.056","1.12","27","134","396","60","3.01","0","0","0.7","0.418","0.0","0.38","1.4"
"GAME MEAT","GAME MEAT,BUFFALO,H2O,RAW","17160","0","1.05","0","0","0.0","46","0","0.0","99","0","0","0.0","5.97","0.16","20.39","0","0","0.2","9.0","0.0","0.04","76.3","0.42","0.27","0.46","1.37","28.35","1 oz","454","1 lb","12","0.151","1.61","32","197","297","53","1.93","0","0","1.66","0.53","0.0","0.0","0.0"
"GAME MEAT","GAME MEAT,BUFFALO,H2O,CKD,RSTD","17161","0","1.39","0","0","0.0","61","0","0.0","131","0","0","0.0","6.29","0.17","26.83","0","0","0.25","12.0","0.0","0.03","68.81","0.55","0.36","0.6","1.8","340.0","1 piece, cooked (yield from 1 lb raw meat, boneless)","85","3 oz","15","0.178","2.12","33","220","313","56","2.54","0","0","1.75","0.46","0.0","0.0","0.0"
"GAME MEAT","GAME MEAT,CARIBOU,RAW","17162","0","1.14","0","0","0.0","83","0","0.0","127","0","0","0.078","5.5","2.55","22.63","0","0","0.72","10.2","0.0","0.32","71.45","1.01","0.47","1.29","3.36","28.35","1 oz","454","1 lb","17","0.222","4.69","26","208","295","57","4.0","0","0","6.31","0.37","0.0","0.0","0.0"
"GAME MEAT","GAME MEAT,CARIBOU,CKD,RSTD","17163","0","1.5","0","0","0.0","109","123","0.0","167","0","0","0.087","5.79","2.68","29.77","0","0","0.9","13.6","0.0","0.25","62.43","1.33","0.62","1.7","4.42","340.0","1 piece, cooked (yield from 1 lb raw meat, boneless)","85","3 oz","22","0.263","6.17","27","233","310","60","5.26","0","0","6.64","0.32","3.0","0.4","1.4"
"GAME MEAT","GAME MEAT,DEER,RAW","17164","0","1.16","0","0","0.0","85","0","0.0","120","0","0","0.041","6.37","0.0","22.96","0","0","0.48","9.7","0.0","0.22","73.57","0.67","0.47","0.95","2.42","28.35","1 oz","454","1 lb","5","0.253","3.4","23","202","318","51","2.09","0","0","6.31","0.37","0.0","0.2","1.1"
"GAME MEAT","GAME MEAT,DEER,CKD,RSTD","17165","0","1.52","0","0","0.0","112","0","0.0","158","0","0","0.046","6.71","0.0","30.21","0","0","0.6","12.9","0.0","0.18","65.23","0.88","0.62","1.25","3.19","340.0","1 piece, cooked (yield from 1 lb raw meat, boneless)","85","3 oz","7","0.3","4.47","24","226","335","54","2.75","0","0","0.0","0.0","0.0","0.0","0.0"
"GAME MEAT","GAME MEAT,ELK,RAW","17166","0","1.0","0","0","0.0","55","0","0.0","111","0","0","0.012","0.0","0.0","22.95","0","0","0.0","9.8","0.0","0.0","74.38","0.36","0.3","0.53","1.45","28.35","1 oz","454","1 lb","4","0.12","2.76","23","161","312","58","2.4","0","0","0.0","0.0","0.0","0.0","0.0"
"GAME MEAT","GAME MEAT,ELK,CKD,RSTD","17167","0","1.32","0","0","0.0","73","0","0.0","146","0","0","0.013","0.0","0.0","30.19","0","0","0.0","13.0","0.0","0.0","66.28","0.48","0.4","0.7","1.9","340.0","1 piece, cooked (yield from 1 lb raw meat, boneless)","85","3 oz","5","0.142","3.63","24","180","328","61","3.16","0","0","0.0","0.0","0.0","0.0","0.0"
"GOAT","GOAT,RAW","17168","0","1.11","0","0","0.0","57","0","0.0","109","0","0","0.038","3.75","0.0","20.6","0","0","0.49","8.8","0.0","0.11","75.84","1.03","0.17","0.71","2.31","28.35","1 oz","454","1 lb","13","0.256","2.83","0","180","385","82","4.0","0","0","1.13","0.0","0.0","0.0","0.0"
"GAME MEAT","GAME MEAT,GOAT,CKD,RSTD","17169","0","1.46","0","0","0.0","75","106","0.0","143","0","0","0.042","3.95","0.0","27.1","0","0","0.61","11.8","0.0","0.09","68.21","1.36","0.23","0.93","3.03","340.0","1 piece, cooked (yield from 1 lb raw meat, boneless)","85","3 oz","17","0.303","3.73","0","201","405","86","5.27","0","0","1.19","0.0","0.0","0.34","1.2"
"GAME MEAT","GAME MEAT,HORSE,RAW","17170","0","0.99","0","0","0.0","52","0","0.0","133","0","0","0.019","4.6","0.0","21.39","0","0","0.1","10.1","0.0","0.13","72.63","1.61","0.65","1.44","4.6","28.35","1 oz","454","1 lb","6","0.144","3.82","24","221","360","53","2.9","0","0","3.0","0.38","1.0","0.0","0.0"
"GAME MEAT","GAME MEAT,HORSE,CKD,RSTD","17171","0","1.31","0","0","0.0","68","0","0.0","175","0","0","0.022","4.84","0.0","28.14","0","0","0.12","13.5","0.0","0.1","63.98","2.12","0.85","1.9","6.05","340.0","1 piece, cooked (yield from 1 lb raw meat, boneless)","85","3 oz","8","0.171","5.03","25","247","379","55","3.82","0","0","3.16","0.33","2.0","0.0","0.0"
"GAME MEAT","GAME MEAT,MOOSE,RAW","17172","0","1.13","0","0","0.0","59","0","0.0","102","0","0","0.008","5.0","0.0","22.24","0","0","0.27","9.6","0.0","0.06","75.55","0.15","0.24","0.22","0.74","28.35","1 oz","454","1 lb","5","0.067","3.21","23","158","317","65","2.8","0","0","0.0","0.0","4.0","0.0","0.0"
"GAME MEAT","GAME MEAT,MOOSE,CKD,RSTD","17173","0","1.49","0","0","0.0","78","115","0.0","134","0","0","0.009","5.26","0.0","29.27","0","0","0.34","12.8","0.0","0.05","67.83","0.2","0.31","0.29","0.97","340.0","1 piece, cooked (yield from 1 lb raw meat, boneless)","85","3 oz","6","0.079","4.22","24","176","334","69","3.68","0","0","6.31","0.37","5.0","0.2","1.2"
"GAME MEAT","GAME MEAT,MUSKRAT,RAW","17174","0","1.18","0","0","0.0","0","0","0.0","162","0","0","0.0","6.2","0.0","20.76","0","0","0.52","9.1","0.0","0.09","69.35","0.0","0.0","0.0","8.1","28.35","1 oz","454","1 lb","25","0.0","0.0","22","220","276","82","0.0","0","0","0.0","0.0","5.0","0.0","0.0"
"GAME MEAT","GAME MEAT,MUSKRAT,CKD,RSTD","17175","0","1.71","0","0","0.0","121","0","0.0","234","0","0","0.032","7.19","0.93","30.09","0","0","0.71","14.8","0.0","0.08","55.58","0.0","0.0","0.0","11.74","313.0","1 piece, cooked (yield from 1 lb raw meat, boneless)","85","3 oz","36","0.189","7.1","26","271","320","95","2.27","0","0","8.3","0.47","7.0","0.0","0.0"
"GAME MEAT","GAME MEAT,OPOSSUM,CKD,RSTD","17176","0","2.3","0","0","0.0","129","116","0.0","221","0","0","0.0","8.43","0.0","30.2","0","0","0.37","18.2","0.0","0.1","58.3","3.773","2.983","1.206","10.2","399.0","1 piece, cooked (yield from 1 lb raw meat, boneless)","85","3 oz","17","0.189","4.64","34","278","438","58","2.28","0","0","8.3","0.47","0.0","0.44","1.6"
"GAME MEAT","GAME MEAT,RABBIT,DOMESTICATED,COMP OF CUTS,RAW","17177","0","0.72","0","0","0.0","57","0","0.0","136","0","0","0.026","7.27","0.8","20.05","0","0","0.15","23.7","0.0","0.1","72.82","1.5","1.08","1.66","5.55","28.35","1 oz","454","1 lb","13","0.145","1.57","19","213","330","41","1.57","0","0","7.16","0.5","0.0","0.0","0.0"
"GAME MEAT","GAME MEAT,RABBIT,DOMESTICATED,COMP OF CUTS,CKD,RSTD","17178","0","1.04","0","0","0.0","82","0","0.0","197","0","0","0.032","8.43","0.93","29.06","0","0","0.21","38.5","0.0","0.09","60.61","2.17","1.56","2.4","8.05","313.0","1 piece, cooked (yield from 1 lb raw meat, boneless)","85","3 oz","19","0.189","2.27","21","263","383","47","2.27","0","0","8.3","0.47","0.0","0.0","0.0"
"GAME MEAT","GAME MEAT,RABBIT,DOMESTICATED,COMP OF CUTS,CKD,STWD","17179","0","1.09","0","0","0.0","86","121","0.0","206","0","0","0.032","7.16","0.67","30.38","0","0","0.17","38.5","0.0","0.06","58.82","2.27","1.63","2.51","8.41","299.0","1 piece, cooked (yield from 1 lb raw meat, boneless)","85","3 oz","20","0.176","2.37","20","226","300","37","2.37","0","0","6.51","0.34","0.0","0.44","1.6"
"GAME MEAT","GAME MEAT,RABBIT,WILD,RAW","17180","0","1.12","0","0","0.0","81","0","0.0","114","0","0","0.0","6.5","0.0","21.79","0","0","0.06","9.4","0.0","0.03","74.51","0.63","0.45","0.69","2.32","28.35","1 oz","454","1 lb","12","0.0","3.2","29","226","378","50","0.0","0","0","0.0","0.0","0.0","0.0","0.0"
"GAME MEAT","GAME MEAT,RABBIT,WILD,CKD,STWD","17181","0","1.7","0","0","0.0","123","130","0.0","173","0","0","0.0","6.4","0.0","33.02","0","0","0.07","15.2","0.0","0.02","61.37","0.95","0.68","1.05","3.51","299.0","1 piece, cooked (yield from 1 lb raw meat, boneless)","85","3 oz","18","0.176","4.85","31","240","343","45","2.38","0","0","6.51","0.34","0.0","0.41","1.5"
"GAME MEAT","GAME MEAT,RACCOON,CKD,RSTD","17182","0","1.5","0","0","0.0","97","115","0.0","255","0","0","0.0","4.68","0.0","29.2","0","0","0.52","18.0","0.0","0.59","54.3","5.21","2.09","4.07","14.5","399.0","1 piece, cooked (yield from 1 lb raw meat, boneless)","85","3 oz","14","0.189","7.1","30","261","398","79","2.27","0","0","8.3","0.47","0.0","0.49","1.7"
"GAME MEAT","GAME MEAT,SQUIRREL,RAW","17183","0","1.16","0","0","0.0","83","0","0.0","120","0","0","0.0","4.0","0.0","21.23","0","0","0.21","9.3","0.0","0.07","73.83","1.18","0.94","0.38","3.21","28.35","1 oz","454","1 lb","2","0.0","4.7","24","172","304","103","0.0","0","0","0.0","0.0","0.0","0.0","0.0"
"GAME MEAT","GAME MEAT,SQUIRREL,CKD,RSTD","17184","0","1.68","0","0","0.0","121","123","0.0","173","0","0","0.032","4.64","0.93","30.77","0","0","0.29","15.1","0.0","0.06","62.07","1.33","1.46","0.85","4.69","313.0","1 piece, cooked (yield from 1 lb raw meat, boneless)","85","3 oz","3","0.148","6.81","28","211","352","119","1.78","0","0","6.51","0.37","0.0","0.4","1.4"
"LAMB","LAMB,VAR MEATS&BY-PRODUCTS,BRAIN,RAW","17185","0","1.33","0","0","0.0","1352","0","0.0","122","0","0","0.044","3.9","0.92","10.4","2","0","0.3","9.0","0.0","0.13","79.2","1.55","0.88","2.19","8.58","28.35","1 oz","113","4 oz","9","0.24","1.75","12","270","296","112","1.17","0","0","11.3","0.29","16.0","0.0","0.0"
"LAMB","LAMB,VAR MEATS&BY-PRODUCTS,BRAIN,CKD,BRSD","17186","0","1.36","0","0","0.0","2043","0","0.0","145","0","0","0.059","2.47","0.99","12.55","0","0","0.24","12.0","0.0","0.11","75.73","1.84","1.04","2.6","10.17","347.0","1 unit, cooked (yield from 1 lb raw meat)","85","3 oz","12","0.21","1.68","14","337","205","134","1.36","0","0","9.25","0.11","12.0","0.0","0.0"
"LAMB","LAMB,VAR MEATS&BY-PRODUCTS,BRAIN,CKD,PAN-FRIED","17187","0","1.82","0","0","0.0","2504","0","0.0","273","0","0","0.067","4.55","1.56","16.97","0","0","0.37","12.0","0.0","0.17","60.71","4.02","2.28","5.67","22.19","240.0","1 unit, cooked (yield from 1 lb raw meat)","85","3 oz","21","0.48","2.04","22","495","358","157","2.0","0","0","24.1","0.23","23.0","0.0","0.0"
"MACKEREL","MACKEREL,SALTED","83110","0","13.4","0","0","0.0","95","95","0.0","305","0","0","0.0","3.3","0.0","18.5","0","47","0.19","73.4","0.0","0.02","43.0","8.32","6.21","7.148","25.1","136.0","1 cup, cooked","0","","66","0.1","1.4","60","254","520","4450","1.1","157","47","12.0","0.41","0.0","2.38","7.8"
"SCALLOP","SCALLOP,(BAY&SEA),CKD,STMD","90240","0","3.06","0","0","0.0","53","81","0.0","112","0","0","0.0","1.3","0.0","23.2","0","30","0.06","27.9","0.0","0.1","73.1","0.068","0.481","0.146","1.4","0.0","","0","","115","0.3","3.0","55","338","476","265","3.0","100","30","1.3","0.1","0.0","1.5","0.2"
"SNAIL","SNAIL,RAW","90560","0","1.3","0","0","2.0","50","65","0.0","90","0","0","0.0","1.4","0.0","16.1","0","30","0.12","27.4","0.0","0.01","79.2","0.259","0.252","0.361","1.4","0.0","","0","","10","0.4","3.5","250","272","382","70","1.0","100","30","0.5","0.13","0.0","5.0","0.1"
"TURTLE","TURTLE,GREEN,RAW","93600","0","1.2","0","0","0.0","50","65","0.0","89","0","0","0.0","1.1","0.0","19.8","0","30","0.15","16.8","0.0","0.12","78.5","0.088","0.17","0.127","0.5","0.0","","0","","118","0.25","1.4","20","180","230","68","1.0","100","30","1.0","0.12","0.0","0.5","0.1"
